SimFin ID,Company,Ticker,ISIN,Price Close,MCAP,Volume (SMA 2m),Cash and eq.,Cur. liab.,Liabilities,Assets,D&A,CROIC,Taxes
242,21st Century Fox,FOX_old,n/a,32.82,60944424647,1415205.38095,21281000000,7935000000,32651000000,65886000000,617000000,0.10884,-1219000000
22219,3M CO,MMM,US88579Y1010,168.07,96687149934,2860707.04762,2988000000,7265000000,28827000000,38969000000,1477000000,0.24776,-1300000000
63877,ABBOTT LABORATORIES,ABT,US0028241000,83.58,147719092662,4500434.69048,3376000000,9062000000,36533000000,68427000000,3080000000,0.099,-514000000
61199,AbbVie Inc.,ABBV,US00287Y1091,71.6,105859442801,8944236.52381,5416000000,16941000000,65708000000,57142000000,1882000000,0.15767,379000000
445591,Acadia Pharmaceuticals Inc,ACAD,US0042251084,42.6,6155164433,2406070.69048,381887000,63814000,71969000,460883000,3013000,-0.68253,-1130000
61372,Accenture plc,ACN,IE00B4BNMY34,194.95,127641368050,1813489.5,4772496000,10551987000,14013402000,28156360000,887682000,0.44499,-1398595000
243,Activision Blizzard,ATVI,US00507V1098,55.35,42454885779,7294119.92857,4592000000,1639000000,5518000000,17495000000,408000000,0.09044,-153000000
14099,Adobe Systems,ADBE,US00724F1012,284.69,138047035070,2388396.7381,3478979000,7687097000,9734216000,19665909000,484118000,0.24044,-162316000
184955,ADVANCE AUTO PARTS INC,AAP,US00751Y1064,156.07,11141367529,1299625.95238,747719000,4372405000,7596644000,11267946000,233197000,0.12687,-137140000
191397,ADVANCED MICRO DEVICES INC,AMD,US0079031078,30.99,33641081665,63395945.88095,1128000000,1804000000,3201000000,5102000000,182000000,-0.151,34000000
62329,AES CORP,AES,US00130H1059,15.89,10548569540,5034152.07143,1579000000,4042000000,26874000000,33238000000,1003000000,0.04782,-517000000
62581,AFLAC INC,AFL,US0010551028,52.44,38825702087,3551547.7381,3019000000,,123159000000,151400000000,,,-1104000000
45846,AGILENT TECHNOLOGIES INC,A,US00846U1016,76.4,23643330599,2693483.78571,1765000000,1622000000,3878000000,8625000000,218000000,0.10337,140000000
2226695,AGNICO EAGLE MINES LTD,AEM,CA0084741085,57.7,9914994900,1684917.11905,351277000,263713000,1870488000,5255842000,,,-124225000
185217,AIR PRODUCTS & CHEMICALS INC /DE/,APD,US0091581068,221.57,48824088148,1046802.64286,2696800000,2155200000,7805300000,19531900000,824600000,,-418100000
69211,AKAMAI TECHNOLOGIES INC,AKAM,US00971T1016,91.18,15043103256,1792802.35714,1042492000,590814000,1948472000,5343236000,438397000,0.1449,-65923000
65470,"ALASKA AIR GROUP, INC.",ALK,US0116591092,64.92,8002834665,1034938.45238,1627000000,3534000000,8978000000,12951000000,418000000,0.06504,-171000000
132877,ALBEMARLE CORP,ALB,US0126531013,67.76,7181629249,1564518.04762,398183000,1399981000,4120011000,8094414000,202125000,-0.01478,-112288000
65359,ALEXION PHARMACEUTICALS INC,ALXN,US0153511094,107.83,24178384255,2915677.57143,2089600000,1031500000,4404200000,14567700000,397000000,0.12519,-16900000
1202765,Alibaba Group Holding Ltd,BABA,US01609W1027,179,461641000000,15288498.45238,30273000000,30944000000,52104000000,143801000000,5525247160,0.1311,-2466543048
445691,Align Technology Inc,ALGN,US0162551016,177.65,14189062010,1639755.19048,720922000,789046000,972335000,2346017000,76830000,0.29763,-99035000
442340,Allergan Inc.,AGN_old,n/a,166.1,51093333346,3893033.42857,4966400000,1557300000,4652700000,12415700000,248100000,0.20699,-456700000
61474,Allergan plc,AGN,n/a,166.1,54486233962,3893033.42857,1973700000,8303700000,35784600000,95480700000,6146300000,0.00929,850300000
119577,ALLIANT ENERGY CORP,LNT,US0188021085,52.81,12543487918,1251334.90476,170200000,1949000000,11222000000,16121600000,539300000,-0.03196,-43600000
68840,ALLSTATE CORP,ALL,US0200021014,107.94,35532962028,1506165.71429,711000000,,112743000000,130810000000,,,-629000000
510248,Ally Financial Inc.,ALLY,US02005N1000,34.92,13633303359,3604230.14286,,,153297000000,173704000000,1536000000,,-172000000
18,Alphabet (Google),GOOG,US02079K1079,61.46,852325251820,28839478.57143,121056000000,37000000000,64909000000,257101000000,9553000000,0.1222,-5704000000
695370,"Alteryx, Inc.",AYX,US02156B1035,117.33,7368294668,1539128.52381,332656000,297575000,332074000,663502000,3294000,-0.04554,14621000
997777,"Altice USA, Inc.",ATUS,US02156K1034,29.48,19095125062,5263003.21429,138715000,2518940000,31070956000,33779651000,2221155000,0.08702,-46212000
133574,"ALTRIA GROUP, INC.",MO,US02209S1033,41.31,77171041175,11022879.78571,1796000000,7952000000,42997000000,57501000000,229000000,0.22827,-2122000000
62747,AMAZON COM INC,AMZN,US0231351067,91.13,901560052939,67842316.66667,41463000000,69678000000,138290000000,191351000000,18096000000,0.18525,-1928000000
6475603,Amcor plc,AMCR,JE00BJ1F3079,9.76,15842432000,4908501.35714,601600000,4541800000,11490300000,17165000000,453000000,0.06851,-149800000
68703,AMEREN CORP,AEE,US0236081024,77.54,19059589665,1947860.66667,6000000,2752000000,20170000000,28103000000,969000000,0.01394,-187000000
68568,American Airlines Group Inc.,AAL,US02376R1023,28.64,12752553650,7634840.28571,5407000000,20123000000,61989000000,61967000000,,,-463000000
445654,American Capital Agency Corp,AGNC,US00123Q1040,15.76,8633610939,6178488.2381,870000000,95979000000,96230000000,106576000000,24000000,,
66050,AMERICAN ELECTRIC POWER CO INC,AEP,US0255371017,92.73,45789620643,2240500.7619,386200000,8925100000,53059200000,72550000000,2422100000,0.07297,68800000
413080,AMERICAN EXPRESS CO,AXP,US0258161092,119.05,98772652437,3512602.21429,4700000000,,174511000000,197603000000,1191000000,0.05651,-1151000000
445723,American Homes 4 Rent,AMH,US02665T3068,25.13,7550884580,2003215.33333,119176000,301219000,3147100000,9142623000,325064000,,
251769,AMERICAN INTERNATIONAL GROUP INC,AIG,US0268747849,57.08,49654365878,3559865.47619,2935000000,,456164000000,522269000000,5235000000,,-219000000
68339,AMERICAN TOWER CORP /MA/,AMT,US03027X1000,221.3,97966213073,1782171.19048,1192200000,4821600000,32439400000,39072700000,2100600000,0.08584,19300000
6480942,"Americold Realty Trust, Inc.",COLD,US03064D1081,36.46,6647569500,1611961.30952,320805000,2134439000,2306800000,4162457000,129727000,0.02548,3823000
67872,AMERIPRISE FINANCIAL INC,AMP,US03076C1062,146.09,19118851185,1125792.35714,41368000000,137837000000,142648000000,148678000000,182000000,0.39757,-368000000
67669,AMETEK INC/,AME,US0311001004,90.39,20640178127,1204204.83333,567912000,978558000,4402821000,9069602000,216386000,0.17688,-208733000
65735,AMGEN INC,AMGN,US0311621009,196.72,117973224392,3362306.92857,21758000000,10622000000,48579000000,59373000000,1987000000,0.23149,-1199000000
65820,AMPHENOL CORP /DE/,APH,US0320951017,23.77,28281372764,6061143.90476,997300000,2052900000,6430800000,10634000000,340900000,0.21226,-349000000
65917,ANALOG DEVICES INC,ADI,US0326541051,115.28,42585139358,2210023.33333,612164000,2004769000,9776413000,21566650000,807277000,0.11788,-137141000
925650,"Anaplan, Inc.",PLAN,US03272L1089,49.94,6583479233,2269760.07143,355955000,253773000,298431000,602468000,16573000,-0.37766,-4158000
11790995,Anheuser-Busch InBev SA/NV,BUD,US03524A1088,96.97,191903630000,1447071.2619,8173428329,39329701631,182846930811,264917921460,5027630232,,
1145420,ANNALY CAPITAL MANAGEMENT INC,NLY,US0357104092,35,12742304838,3928258.38095,1982311000,115997544000,116093369000,131800776000,75995000,,9535000
254576,APACHE CORP,APA,US03743Q1085,26.02,9782452582,5584328.28571,549000000,2262000000,13131000000,21806000000,2492000000,0.06588,-582000000
67201,APARTMENT INVESTMENT & MANAGEMENT CO,AIV,US03748R7540,6.96,7772858777,8184577.42857,33958000,299313000,4296760000,6240804000,373242000,0.06739,-29910000
817726,Apollo Global Management LLC,APO,US03769M1062,40.63,8158019203,2563085.02381,4945821000,1292427000,4807254000,7348244000,15051000,0.12401,-95068000
111052,APPLE INC,AAPL,US0378331005,55.17,997292642400,115639915.90476,94614000000,174640000000,225783000000,322239000000,12122000000,0.27699,-10336000000
67102,APPLIED MATERIALS INC /DE,AMAT,US0382221051,51.2,47296192307,8113250.97619,3561000000,3785000000,10689000000,18805000000,391000000,0.25626,-543000000
378125,Aptiv PLC,APTV,JE00B783TY65,89.64,22965118737,1203872,365000000,3991000000,9376000000,13108000000,726000000,0.12093,-172000000
361112,Aramark,ARMK,US03852U1060,30.87,10556562924,5207103.71429,220055000,2159396000,10433512000,13729502000,599944000,0.05664,-86930000
18500276,ArcelorMittal S.A.,MT,US03938L2034,16.28,16500891240,3155779.66667,2172000000,23455000000,28927000000,91249000000,1113000000,,
445596,Arch Capital Group LTD,ACGL,BMG0450A1053,40.96,16588300411,1249480.52381,605316000,,23032496000,34851670000,92673000,0.06653,-158726000
66997,ARCHER DANIELS MIDLAND CO,ADM,US0394831020,41.79,23275945926,3799049.21429,853000000,12602000000,23584000000,42616000000,960000000,-0.1658,-208000000
536189,"Arista Networks, Inc.",ANET,US0404132054,15.28,18737998953,13165215.2381,2257803000,525020000,915732000,3441292000,33100000,0.30702,-86076000
66790,AT&T INC.,T,US00206R1023,28.07,205108302226,45162522.90476,8423000000,66376000000,352833000000,546914000000,30365000000,0.06698,-4128000000
1204607,Atlassian Corp Plc,TEAM,GB00BZ09BD16,133.56,32202651600,1535112.14286,1713487000,2329708000,2411791000,2977258000,70248000,0.13506,-32065000
591496,AUTOMATIC DATA PROCESSING INC,ADP,US0530151036,158.83,68923140801,1968397.59524,1959700000,32627700000,36487800000,41887700000,409000000,0.21525,-324200000
378100,Avago Technologies,AVGO_old,n/a,28.88,79850189260,21352114.7619,1822000000,1119000000,5878000000,10592000000,962000000,0.29499,-76000000
989057,"AVALARA, INC.",AVLR,US05338G1067,75.08,5668031783,1099141.80952,441584000,220553000,240320000,692448000,14478000,-0.06783,-46000
1033572,"Avantor, Inc.",AVTR,US05352A1007,16.04,9125965811,1783281.57143,164600000,1185900000,7606800000,10017700000,403700000,0.07159,18200000
702906,Axalta Coating Systems Ltd.,AXTA,BMG0750C1082,31.73,7401443779,2235609.11905,577300000,996800000,5385800000,6692900000,367300000,0.10037,-52500000
679135,Baker Hughes Company,BKR,US05722G1004,23.38,24266462543,6832766.78571,3138000000,9341000000,18095000000,52876000000,1415000000,0.05319,-444000000
247618,BALL CORP,BALL,US0584981064,75,24900218325,2156702.83333,764000000,4134000000,13545000000,17109000000,685000000,0.09815,-146000000
71941,BANK OF AMERICA CORP /DE/,BAC,US0605051046,29.94,278690518048,57693511.52381,171394000000,,2124484000000,2395892000000,3616000000,,-6314000000
467599,Bank of New York Mellon Corp,BK,US0640581007,46.35,43692384951,4415686.2381,5556000000,,339333000000,381168000000,1297000000,0.00745,-871000000
1253404,Baozun Inc.,BZUN,US06684L1035,47.75,8239196175,1599962.47619,513875000,1748736000,1820808000,4015824000,72175000,-0.09711,-64953000
854462,BASF,BAS.DE,DE000BASF111,71.19,65417837844,2949516.30952,2662535175,28702901597,61593843805,104547669595,4457476176,0.07404,-1183909164
185942,"Bath & Body Works, Inc.",BBWI,US0708301041,19.36,5350941492,6088389.66667,853000000,2216000000,11547000000,10618000000,568000000,0.17388,-197000000
542074,Bausch Health Companies Inc.,BHC,CA0717341071,23.08,8130334939,2936396.54762,878000000,3705000000,29666000000,32354000000,2312000000,0.102,116000000
254808,BAXTER INTERNATIONAL INC,BAX,US0718131099,87.57,44709377448,2261469.71429,2925000000,2597000000,9708000000,17544000000,791000000,0.08514,-17000000
849702,Bayer,BAYN.DE,DE000BAY0017,74.03,72677471900,3414433.61905,4614000802,27320518786,93548809483,148068306415,8195467791,0.11806,-470607673
71373,BECTON DICKINSON & CO,BDX,US0758871091,251.85,69687649170,1047514.83333,535000000,6237000000,30736000000,52232000000,2266000000,0.1111,-656000000
1161717,BERKLEY W R CORP,WRB,US0844231029,32.01,13188657712,1439145.07143,1258174000,,20467825000,26487903000,126025000,0.06998,-175281000
470977,BERRY GLOBAL GROUP INC,BERY,US08579W1036,36.28,5219128332,1625819.45238,255000000,1156000000,7263000000,8809000000,538000000,0.13564,-30000000
71192,BEST BUY CO INC,BBY,US0865161014,68.42,18033682312,3089663.54762,1609000000,7576000000,11693000000,14978000000,813000000,0.24528,-424000000
917697,"BEYOND MEAT, INC.",BYND,US08862E1091,160.31,9647175578,5807589.11905,276987000,40403000,65276000,397061000,7258000,-0.1987,-22000
71079,BIOGEN INC.,BIIB,US09062X1037,238.7,44027550937,1342211.95238,2952200000,3210900000,13338800000,26287600000,914300000,0.38968,-1510000000
135371,BIOMARIN PHARMACEUTICAL INC,BMRN,US09061G1013,75,13459706925,1113988.92857,731103000,439428000,1432430000,4393384000,99832000,-0.06473,47398000
498254,Blackstone Group L.P.,BX,US09260D1072,53.52,35398712760,5875113.09524,1484444000,16907127000,16907127000,30972213000,65537000,0.37351,-136055000
83293,"Block, Inc.",SQ,US8522341036,59.6,25456988707,9216146.88095,1189488000,2375594000,3469534000,4654006000,76227000,1.17505,-1200000
825112,BMW Group,BMW.DE,DE0005190003,71.46,47014859726,1656081.90476,19217988221,85559675199,182165618445,246208341638,6154461250,0.0023,-2241012726
70844,BOEING CO,BA,US0970231058,384.2,216193185074,4457984.45238,9606000000,92189000000,131204000000,126261000000,2173000000,0.20258,-91000000
182296,Booz Allen Hamilton Holding Corp,BAH,US0995021062,72.85,10199337077,1068590.61905,649100000,1211514000,3764827000,4513650000,72443000,0.20731,-102155000
70746,BORGWARNER INC,BWA,US0997241064,33.93,7959997561,2143235.2619,710000000,2313000000,5729000000,10231000000,427000000,0.14632,-250000000
239516,BOSTON SCIENTIFIC CORP,BSX,US1011371077,42.32,58950635388,5060923.07143,123000000,4850000000,14884000000,24308000000,,,42000000
68960,"BREAD FINANCIAL HOLDINGS, INC.",BFH,US0185811082,104.88,6741571032,1516238.66667,4026800000,,28348000000,30739700000,405100000,0.24741,-84500000
255210,BRISTOL MYERS SQUIBB CO,BMY,US1101221083,49.74,81363027202,11967791.83333,29357000000,9711000000,39012000000,55163000000,676000000,0.18073,-1203000000
108186,Brixmor Property Group Inc.,BRX,US11120U1051,19.7,5867571145,2809756.95238,10809000,5456342000,5456342000,8220523000,337516000,,
686523,Broadcom Inc.,AVGO,US11135F1012,28.88,114558519242,21352114.7619,5462000000,8282000000,48264000000,69767000000,5324000000,0.1455,103000000
245531,BROWN & BROWN INC,BRO,US1152361010,36.4,10238408071,1190210.33333,443090000,1907110000,3984136000,7164767000,120750000,0.14909,-129159000
669884,"BUCKEYE PARTNERS, L.P.",BPL,n/a,41.09,6324629792,1685539.45238,6291000,478780000,4406537000,8491158000,268459000,0.23598,-3063000
445920,Bunge LTD,BG,BMG169621056,56.66,8020616334,1057010.80952,238000000,7457000000,13474000000,20424000000,612000000,0.05565,-256000000
179036,"Burlington Stores, Inc.",BURL,US1220171060,197.45,13085131550,1014389.64286,97207000,1315768000,4731300000,5046437000,213354000,0.1339,-94462000
378101,C. H. Robinson Worldwide,CHRW,US12541W2098,86.25,11676342495,1390009.61905,355307000,1496340000,3024798000,4684109000,97892000,0.4748,-219825000
107614,CADENCE DESIGN SYSTEMS INC,CDNS,US1273871087,67.35,18868304550,1961596.57143,633415000,610183000,1181780000,2612325000,120636000,0.27739,-39498000
821879,CAESARS ENTERTAINMENT Corp,CZR,US12769G1004,42.98,29130426520,1518862.88095,1520000000,2095000000,23328000000,26136000000,,,187000000
249099,CAMPBELL SOUP CO,CPB,US1344291091,46.69,14060688971,2539642.40476,31000000,3385000000,12036000000,13148000000,477000000,0.08446,-86000000
102322,CANADIAN PACIFIC RAILWAY LTD/CN,CP,CA13645T1003,46.48,32205109810,2095107.97619,45000000,1674000000,14776000000,21933000000,697000000,,-656000000
378103,Capital One Financial,COF,US14040H1059,93.83,44131349237,2629687.88095,5184000000,,317852000000,373619000000,2849000000,0.00372,-1095000000
159950,CARDINAL HEALTH INC,CAH,US14149Y1082,48.26,14387931300,3014864.14286,2531000000,24109000000,34633000000,40963000000,1000000000,0.24905,-386000000
327637,CARMAX INC,KMX,US1431301027,86.08,14193356580,1275010.14286,42197000,1485402000,16261721000,19714476000,188410000,-0.02559,-273878000
288836,CARNIVAL CORP,CCL,PA1436583006,49.37,26018017055,3875417.7619,1202000000,10376000000,20404000000,44513000000,2076000000,0.04413,-61000000
717670,CARVANA CO.,CVNA,US1468691027,80.86,12222264086,1663413.83333,40200000,249835000,1080587000,1474404000,30507000,-0.49182,0
253953,CATERPILLAR INC,CAT,US1491231015,132.17,74357413374,4382982.07143,7429000000,27735000000,64309000000,79187000000,2687000000,0.13149,-1688000000
378105,CBRE Group,CBRE,US12504L1098,53.9,18128493098,1428973.2619,535618000,5887449000,9328605000,14719135000,442726000,0.09534,-302974000
410976,CELGENE CORP /DE/,CELG,n/a,98.6,69881888236,3478622.52381,9323000000,3685000000,29132000000,39183000000,654000000,0.28154,-859000000
187024,"CENCORA, INC.",COR,US21870Q1058,83.18,17328515173,1296381.21429,2999559000,28788871000,35371341000,38478538000,511582000,0.23827,-18493000
378107,Centene Corporation,CNC,US15135B1017,45.55,18839724922,4699338.54762,7640000000,12653000000,22098000000,34368000000,593000000,0.11192,-460000000
378108,CenterPoint Energy,CNP,US15189T1079,29.91,15021361197,4507308,958000000,2996000000,25932000000,34189000000,1240000000,-0.00413,-163000000
1050283,Ceridian HCM Holding Inc.,CDAY,US15677J1088,52.41,7444437415,1100958.28571,237900000,4093300000,4972200000,6729300000,57500000,0.01717,-9100000
259186,CERNER CORP /MO/,CERN,US1567821046,68.14,21695363685,2038575.40476,953519000,1031366000,2559040000,7276309000,666432000,0.14456,-152498000
119051,"CF Industries Holdings, Inc.",CF,US1252691001,50.58,11042920937,2258322.7619,858000000,1042000000,7045000000,12863000000,894000000,0.12972,-152000000
378109,Charles Schwab Corporation,SCHW,US8085131055,43.11,56352663958,9268743.16667,24199000000,,255001000000,276321000000,325000000,0.03888,-1170000000
378110,Charter Communications,CHTR,US16119P1084,425.15,94161228850,1215578.38095,696000000,9875000000,102991000000,146085000000,10066000000,0.05445,-314000000
260533,CHENIERE ENERGY INC,LNG,US16411R2085,65.88,16916665280,1874542.61905,2279000000,2207000000,32549000000,34572000000,577000000,-0.03108,-18000000
248396,CHEVRON CORP,CVX,US1667641005,123.89,235195064372,5835881.09524,8571000000,28829000000,98427000000,255878000000,19060000000,0.11819,-5778000000
951287,"Chewy, Inc.",CHWY,US16679L1098,30.25,12057650000,2073604.71429,150844000,938890000,1175667000,813934000,27714000,0.87075,0
80874,CHIPOTLE MEXICAN GRILL INC,CMG,US1696561059,16.52,22899042712,24455919.04762,717780000,548268000,3121258000,4659307000,211294000,0.08775,-91828000
378112,Chubb Limited,CB,CH0044328745,159.72,72792306786,1635162.57143,1270000000,,120406000000,174516000000,,,-738000000
378113,Church & Dwight,CHD,US1713401024,72.75,17976257571,1670624.42857,97900000,1184700000,4057800000,6662600000,154100000,0.17981,-155500000
49697,CIENA CORP,CIEN,US1717793095,40.44,6255914773,2450679.40476,842899000,791035000,1656324000,3775708000,120401000,0.06729,-46980000
378114,CIGNA Corp.,CI,US1255231003,161.5,60983897428,1990817.83333,3610000000,,110552000000,154401000000,2230000000,0.07469,-1104000000
378115,Cimarex Energy,XEC,n/a,50.84,5158074338,2173772.66667,19414000,814667000,3652421000,7595934000,717970000,0.08933,-173760000
331923,CINTAS CORP,CTAS,US1729081059,62.49,25837001668,2185178.19048,96645000,1127733000,4433941000,7436662000,223631000,0.15885,-219764000
82202,"CISCO SYSTEMS, INC.",CSCO,US17275R1023,49.41,209759790264,19688373.95238,33413000000,31712000000,64222000000,97793000000,1897000000,0.25246,-2950000000
89126,CITIGROUP INC,C,US1729674242,69.48,156959243258,14070175.64286,24997000000,,1790116000000,1988226000000,3782000000,-0.00598,-5120000000
378202,Citizens Financial Group,CFG,US1746101054,36.4,16273949255,4406439.97619,996000000,,140732000000,162749000000,521000000,-0.03585,-479000000
131663,CITRIX SYSTEMS INC,CTXS,US1773761002,95.72,12529950256,2203339.47619,563145000,1681526000,3427174000,3935196000,197672000,0.31284,-44048000
218764,CLOROX CO /DE/,CLX,US1890541097,155.54,19557984717,1006577.19048,111000000,1440000000,4557000000,5116000000,180000000,0.31852,-204000000
378116,CME Group Inc.,CME,US12572Q1058,214.73,76893329645,1327024.66667,1019500000,32934700000,43864600000,70349500000,381800000,0.08638,-765300000
378117,CMS Energy,CMS,US1258961002,62.37,17699795564,1871534.04762,312000000,2386000000,20404000000,25292000000,964000000,-0.00484,-118000000
82117,COCA COLA CO,KO,US1912161007,54.24,231931728183,12696465.45238,9303000000,29382000000,69701000000,89996000000,1135000000,0.14496,-1430000000
849813,"COCA-COLA REFRESHMENTS USA, INC.",CCE,n/a,55.68,27984547841,1159443.2381,1160000000,4556000000,15025000000,16269000000,1033000000,0.1447,-262000000
710555,COGNEX CORP,CGNX,US1924221039,49.79,8497192320,1156331.97619,453591000,85683000,158280000,1349920000,23212000,0.17272,-15021000
128066,COGNIZANT TECHNOLOGY SOLUTIONS CORP,CTSH,US1924461023,64,35346628096,3122421.33333,3003000000,2824000000,4960000000,15517000000,524000000,0.24919,-662000000
255327,COLGATE PALMOLIVE CO,CL,US1941621039,69.86,59940330457,3345712.90476,863000000,3782000000,13161000000,13151000000,509000000,0.48048,-866000000
106366,COMCAST CORP,CMCSA,US20030N1019,46.67,212114467125,16060123.16667,3919000000,31008000000,177396000000,256555000000,12270000000,0.10148,-3522000000
378118,Comerica Inc.,CMA,US2003401070,65.48,9780167185,1977585.07143,1029000000,,65214000000,72537000000,119000000,0.02662,-325000000
326285,CONAGRA FOODS INC /DE/,CAG,US2058871029,29.97,14585024965,4108410.71429,236600000,2142600000,14750100000,22213800000,333000000,0.07656,-218800000
378119,Concho Resources,CXO,n/a,74.38,14956242111,3236876.09524,0,1403000000,7519000000,25478000000,1794000000,-0.00303,-62000000
378120,ConocoPhillips,COP,US20825C1045,61.22,67962868446,6670367.64286,6673000000,8996000000,38187000000,71261000000,6142000000,0.20763,-3129000000
378121,Consolidated Edison,ED,US2091151041,90.93,30201872743,1637769.59524,831000000,5969000000,37737000000,55602000000,1567000000,0.09117,-373000000
101392,"CONTINENTAL RESOURCES, INC",CLR,US2120151012,34.69,12988624701,3068496.78571,206482000,1368346000,8999587000,15829422000,1940084000,0.05479,-287973000
186450,COOPER COMPANIES INC,COO,US2166484020,76.39,15147712883,1246065.90476,112700000,889400000,2557300000,6172800000,280700000,0.0881,-15200000
287342,COPART INC,CPRT,US2172041061,20.86,19173699962,5501533.42857,186319000,282004000,769236000,2547617000,92071000,0.20409,-102672000
261761,CORNING INC /NY,GLW,US2193501051,28.23,22043849947,6420489.66667,1178000000,3416000000,14054000000,27575000000,1363000000,0.03002,-387000000
1169062,"Corteva, Inc.",CTVA,US22052L1044,28.98,21700658700,4739734.85714,2083000000,8527000000,21928000000,44005000000,2464000000,0.03389,-371000000
486790,COSTAR GROUP INC,CSGP,US22160N1090,59.77,21845130496,2628057.14286,1297812000,197260000,416527000,3620598000,78589000,0.12692,-69611000
217867,COSTCO WHOLESALE CORP /NEW,COST,US22160K1051,291.41,128111121250,2150825.2381,8167000000,22832000000,28932000000,43752000000,1450000000,0.18476,-1075000000
378102,Coterra Energy Inc.,CTRA,US1270971039,18.35,7677467730,9158178.7381,241394000,234026000,2218925000,4563729000,438846000,0.16755,-222258000
376164,COTY INC.,COTY,US2220702037,10.56,7964317416,5068069.66667,340400000,3477100000,12620200000,17665400000,246927825,0.01397,54795801
811353,Coupa Software Inc,COUP,US22266L1061,137.99,8671663759,1625808.45238,808210000,431944000,1023000000,1477072000,17775000,-0.06277,10939000
446395,Cousins Properties Inc,CUZ,US2227955026,35.92,5271727930,1282501.7619,11885000,2307054000,2307054000,6676672000,,,
854465,Covestro,1COV.DE,DE0006062144,48.7,8897714117,1251419.66667,909850970,2832919252,7301525642,13628454365,742754507,0.25112,-548724154
1039026,"CrowdStrike Holdings, Inc.",CRWD,US22788C1053,71.04,16051156385,2742870.97619,826811000,341781000,443489000,1171586000,18584000,-0.16843,-2114000
378122,Crown Castle International Corp.,CCI,US22822V1017,142.48,59236810585,1731754.61905,288000000,1698000000,26624000000,38147000000,1562000000,0.03363,-21000000
446122,Crown Holdings Inc,CCK,US2283681060,63.47,8601916906,1291773.57143,342000000,3608000000,13865000000,15565000000,492000000,0.10435,-258000000
248102,CSX CORP,CSX,US1264081035,23.73,56822135772,15517556,1731000000,2053000000,25634000000,37924000000,1346000000,0.16818,-1017000000
117529,CubeSmart,CUBE,US2296631094,35.93,6914714236,1337798.04762,11103000,358388000,2105098000,3947469000,154994000,,
120498,CUMMINS INC,CMI,US2310211063,163.02,25722326212,1331429.35714,1732000000,6289000000,11058000000,20254000000,618000000,0.20867,-569000000
256275,CVS HEALTH Corp,CVS,US1266501006,63.48,82555531913,8055930.78571,8525000000,49376000000,157305000000,218904000000,,,-2205000000
526074,CYPRESS SEMICONDUCTOR CORP /DE/,CY,n/a,23.39,8638286879,4867516.95238,372180000,555834000,1539470000,3648476000,284306000,-0.0097,344748000
1055097,CyrusOne Inc.,CONE,US23283R1005,74.19,8397739853,1045157.2381,144100000,596200000,3407100000,5869700000,386100000,-0.21379,2800000
378124,D. R. Horton,DHI,US23331A1097,49.69,61602084620,4357779.19048,864200000,1287300000,5409300000,15224000000,68200000,0.24564,-489300000
89750,DANAHER CORP /DE/,DHR,US2358511028,142.33,102102930366,2070020.95238,5433600000,5008000000,21108800000,53322000000,1311500000,0.10304,-886100000
108420,DARDEN RESTAURANTS INC,DRI,US2371941053,126,15447793536,1021513.21429,457300000,1474100000,3500200000,5892800000,336700000,0.20216,-63700000
349826,DAVITA INC.,DVA,US23918K1088,61.65,9882495000,3850754.95238,3580851000,5706944000,14502158000,19930960000,601927000,0.07193,-236479000
373449,DEERE & CO,DE,US2441991054,163.99,51635996048,2019036.7381,3948000000,32004000000,61246000000,73530000000,2004300000,0.10333,-952100000
59180,Dell Technologies Inc.,DELL,US24703L2025,27.29,39017407697,6743878.97619,9193000000,47020000000,111401000000,115520000000,7015000000,0.02322,4903000000
231789,DELTA AIR LINES INC /DE/,DAL,US2473617023,59.37,38602410631,5389503.2619,2009000000,21164000000,48560000000,62518000000,,,-1378000000
378126,Dentsply Sirona,XRAY,US24906P1093,51.39,11520788215,1734653.16667,250100000,880800000,3392400000,8575300000,327800000,0.06207,-105900000
1088259,Deutsche Bank AG,DBK.DE,n/a,8.1,17123400000,17062462.07143,215413950854,,1460282670694,1538738908163,2821845982,0.04384,-1168053985
854468,Deutsche Post,DPW.DE,DE0005552004,34.02,41003052635,2852185.64286,4451567982,18229960336,41796349961,58200928886,3943121386,0.1362,-509009298
1099105,Deutsche Telekom,DTE.DE,DE0005557508,16.76,79492680000,8579995.28571,5740050727,31915807543,113073371824,154712375099,17299381312,,-2143601117
122079,DEVON ENERGY CORP/DE,DVN,US25179M1036,26.68,10784056000,7521055.07143,3470000000,3467000000,9655000000,16649000000,1692000000,0.11098,-158000000
352596,DEXCOM INC,DXCM,US2521311074,38.42,14013462790,3721468,1377500000,288200000,1377600000,2065900000,37900000,-0.03791,-2500000
896740,"Diamondback Energy, Inc.",FANG,US25278X1090,100.45,16377713849,1808384.69048,326000000,1180000000,7721000000,23171000000,1058956000,-0.00978,-196888000
378127,Discover Financial Services,DFS,US2547091080,83.9,26700422669,2155361.5,10313000000,,99214000000,110707000000,421000000,0.04235,-895000000
741324,DISH Network CORP,DISH,US25470M1099,35.3,16589724611,3202805.14286,2732382000,6195501000,22448909000,32284116000,649191000,0.09018,-495546000
810159,DOCUSIGN INC,DOCU,US2561631068,61.9,10894400000,3169659.30952,750253000,574149000,1195157000,1761836000,46607000,-0.17481,1889000
80798,DOLLAR GENERAL CORP,DG,US2566771059,156.82,40313450179,1947456.69048,259568000,4312270000,15168369000,21917529000,478531000,0.13524,-441317000
378128,Dollar Tree,DLTR,US2567461080,111.04,26274809464,2403758.2381,623400000,4094000000,13628100000,19493800000,623400000,0.09819,-295200000
189087,DOMINION RESOURCES INC /VA/,D,US25746U1097,79.03,63491671133,3833162.88095,382000000,9503000000,72441000000,100822000000,2646000000,0.04452,-514000000
378129,Dow Inc.,DOW,US2605571031,48,35674176288,4460773.69048,2466000000,11605000000,46389000000,64889000000,3149000000,0.1091,-913000000
808182,"DROPBOX, INC.",DBX,US26210C1045,20.88,8631792000,4034922.54762,972800000,903100000,1634700000,2364900000,182800000,0.0458,3200000
378131,DTE Energy Co.,DTE,US2333311072,111.25,23960973280,1194987.09524,62000000,3654000000,26282000000,36851000000,1172000000,,-86000000
191249,Duke Energy CORP,DUK,US26441C2044,93.87,68393781502,2736170.14286,336000000,13447000000,108117000000,153449000000,4929000000,-0.01206,-403000000
446513,Duke Realty Corp,DRE,US2644115055,33.43,12083072519,1804258.11905,8664000,473031000,3312006000,8014127000,262089000,-0.04651,-5437000
546332,"DUPONT DE NEMOURS, INC.",DD,US26614N1028,71.25,53115620929,3608180.07143,1669000000,6457000000,28267000000,70843000000,5101000000,0.10031,-899000000
740485,DXC Technology Co,DXC,US23355L1061,32.34,8471866506,4860147.97619,1868000000,9338000000,21360000000,32577000000,1988000000,0.07329,-197000000
378132,E*Trade,ETFC,n/a,45.16,10829999472,2690592.57143,1328000000,,54720000000,61590000000,227000000,0.03578,-362000000
854469,E.ON,EOAN.DE,DE000ENAG999,9.89,21431630000,9613644.54762,3299771622,17821038551,54004937019,63566891415,1873122864,0.02384,41335721
122948,EASTMAN CHEMICAL CO,EMN,US2774321002,72.69,9958104618,1202997.7381,186000000,2226000000,10310000000,16256000000,615000000,0.11591,-194000000
124922,Eaton Corp plc,ETN,IE00B8KQN827,86.1,36162000000,2459654.40476,797000000,4450000000,15881000000,32244000000,888000000,0.14014,-300000000
104109,EBAY INC,EBAY,US2786421030,40.53,33995088667,6766033.07143,4477000000,5209000000,17063000000,21169000000,691000000,0.14609,-240000000
378133,Ecolab Inc.,ECL,US2788651006,194.82,56059814638,1099855.7381,85700000,4127700000,12558200000,20827600000,956300000,0.13308,-327300000
378134,Edison International,EIX,US2810201077,71.81,23396502703,2982999.38095,257000000,5665000000,46608000000,59521000000,1703000000,-0.07867,889000000
108955,Edwards Lifesciences Corp,EW,US28176E1082,73.14,45632606033,3177590.64286,934300000,697000000,2073200000,5573500000,81400000,0.14951,-71300000
1094920,Elanco Animal Health Inc,ELAN,US28414H1032,28.08,10473737255,4073617.7381,385100000,777500000,3591400000,8856900000,298800000,0.05734,-27600000
917843,Elastic N.V.,ESTC,NL0013056914,93.86,7185516688,1455429.64286,315152000,202527000,250686000,505736000,5441000,-0.24896,-4027000
372651,ELECTRONIC ARTS INC.,EA,US2855121099,98.42,29005111264,3435127.30952,5187000000,1650000000,3264000000,9749000000,144000000,0.03655,951000000
378099,Elevance Health Inc.,ELV,US46138E2972,257.29,65819208417,1434629.07143,4078000000,,45058000000,75851000000,1162300000,0.11965,-1108000000
255983,EMERSON ELECTRIC CO,EMR,US2910111044,64.95,39950839957,3138829.71429,1603000000,6218000000,12513000000,21317000000,810000000,0.21984,-545000000
1300947,ENBRIDGE INC,ENB,CA29250N1050,35.25,28379373397,3250942.35714,708000000,13368000000,92023000000,164828000000,3275000000,0.06079,-1427000000
897579,ENCANA CORP,ECA,n/a,25.9,6974588047,5257410.69048,167000000,2446000000,11732000000,21747000000,1606000000,0.17942,-255000000
446632,Energysolutions Inc,ES_old,n/a,83.15,7531725254,1619219.7381,65579000,684383000,2079804000,2251694000,68177000,0.06647,-713000
6480934,"Entegris, Inc.",ENTG,US29362U1043,47.43,6420978540,1007416.07143,521382000,215140000,1322173000,2424722000,142451000,0.11202,-39006000
354347,ENTERGY CORP /DE/,ETR,US29364G1031,57.23,22758053299,2512186.90476,635909000,4522608000,40548815000,50565745000,2081753000,-0.04363,755666000
469948,ENTERPRISE PRODUCTS PARTNERS L P,EPD,US2937921078,28.99,63459283302,3718062.7619,107300000,6264100000,33746400000,58721800000,1865400000,0.056,-58800000
100699,EOG RESOURCES INC,EOG,US26875P1012,81.22,47161453814,4115438.7619,1160485000,4414057000,15121225000,35751501000,3675042000,0.11674,-884318000
10383318,"Equitable Holdings, Inc.",EQH,US29452E1010,21.99,10799289000,2159938.38095,62306000000,94963000000,221952000000,238597000000,257000000,,49000000
421306,Equity Residential,EQR,US29476L1070,85.87,31845122895,1464667.35714,251273000,3574690000,10175125000,20990711000,801197000,0.06563,-875000
449267,"Essential Utilities, Inc.",WTRG,US29670G1022,43.9,9472606261,1107540.45238,1974076000,398949000,5355576000,9180350000,149854000,-0.02993,21512000
172930,ESTEE LAUDER COMPANIES INC,EL,US5184391044,191.34,69027116756,1832336.88095,2987000000,4605000000,8745000000,13156000000,557000000,0.29106,-513000000
469839,ETSY INC,ETSY,US29786A1060,59.85,7209525015,2867202.52381,633832000,166510000,579474000,1021775000,34017000,0.15314,25669000
995321,"Evergy, Inc.",EVRG,US30034W1062,64.67,15227682190,1650202.54762,107000000,3482800000,16863700000,25718400000,830100000,0.03778,-128500000
378141,Eversource Energy,ES,US30040W1080,83.15,26907510042,1619219.7381,20578000,3512121000,26885743000,38995906000,850556000,0.02452,-248961000
41775,EXACT SCIENCES CORP,EXAS,US30063P1057,106.87,13838094332,1726830.66667,1239422000,492463000,1016411000,1781943000,28062000,-0.20607,879000
289286,"EXELIXIS, INC.",EXEL,US30161Q1040,19.37,5867293830,2701897.04762,822117000,110796000,154466000,1643098000,7737000,0.17863,205772000
378142,Exelon Corp.,EXC,US30161N1019,33.73,45965355120,8687519.04762,735000000,12934000000,87689000000,121596000000,5893000000,0.07681,-449000000
112653,"Expedia, Inc.",EXPE,US30212P3038,132.69,18156332555,1737510.11905,4889000000,11676000000,16265000000,22201000000,977000000,0.21435,-119000000
121214,EXXON MOBIL CORP,XOM,US30231G1022,73.17,309590047532,11456356.16667,4213000000,70287000000,162264000000,360729000000,18888000000,0.16313,-7673000000
339017,FASTENAL CO,FAST,US3119001044,16.79,19255794041,8214428,175000000,527900000,1252700000,3756400000,144200000,0.29469,-253000000
259098,FEDEX CORP,FDX,US31428X1063,173.3,45215756550,1861388.07143,2389000000,9935000000,50286000000,68452000000,3424000000,-0.0139,-100000000
1249831,"Fidelity National Financial, Inc.",FNF,US31620R3030,41.78,11905628800,1174775.85714,977000000,4583000000,4893000000,10189000000,178000000,0.26785,-218000000
88558,"Fidelity National Information Services, Inc.",FIS,US31620M1062,134.41,82453045540,5992002.09524,9756000000,4170000000,22867000000,32859000000,1450000000,0.08876,-195000000
378145,Fifth Third Bancorp,FITB,US3167731005,28.18,20585090492,5523111.21429,2764000000,,148131000000,168802000000,332000000,-0.01249,-675000000
1234769,FIRST HORIZON CORP,FHN,US3205171057,16.25,5103523750,3292210.07143,596081000,,37245689000,42171770000,63819000,,-169499000
260908,"FIRST SOLAR, INC.",FSLR,US3364331070,65.82,6937083103,1109297.97619,2029129000,843319000,2002683000,7137807000,174788000,-0.18854,-8330000
422040,FIRSTENERGY CORP,FE,US3379321074,48.09,25588344147,4430193.83333,422000000,3953000000,33615000000,40884000000,1482000000,0.03612,-294000000
378146,Fiserv Inc,FI,n/a,104.82,41191413718,5906213.97619,8441000000,2054000000,17094000000,19640000000,577000000,0.10742,-257000000
902627,"FIVE BELOW, INC",FIVE,US33829M1018,130.42,7260125484,1051585.09524,269125000,305861000,1007482000,1659418000,47543000,0.06129,-41043000
116586,FLEXTRONICS INTERNATIONAL LTD.,FLEX,SG9999000020,8.09,5525821292,6349190.95238,1920451000,7437515000,11427283000,14429098000,501813000,-0.48166,-82362000
378147,Flowserve Corporation,FLS,US34354P1057,49.21,6454880769,1147642.40476,596470000,1058871000,3071421000,4821209000,93317000,0.0944,-68108000
378150,FMC Technologies Inc.,FTI_old,n/a,18.24,5532985883,5457154.2381,1074200000,1646000000,3269800000,5963700000,250200000,0.1218,600000
249937,FORD MOTOR CO,F,US3453708600,9.28,36368238568,40074268.88095,38048000000,98334000000,226048000000,262184000000,,,-678000000
130256,FORTINET INC,FTNT,US34959E1091,15.89,13585269670,7488399.16667,1830200000,1293700000,2247100000,3369400000,59800000,0.12767,64000000
378151,Fortive Corp,FTV,US34959J1088,43.55,23171947754,3290281.07143,1092100000,2791200000,9445200000,16468100000,334900000,0.08678,-104700000
378152,Fortune Brands Home & Security,FBHS,US34964C1062,52.74,7384613030,1136609.71429,276300000,1695200000,3998700000,6343400000,154200000,0.14021,-139800000
885908,Fox Corp,FOX,US35137L2043,32.82,20368355282,1415205.38095,3234000000,1712000000,9362000000,19509000000,212000000,0.1661,-581000000
378153,Franklin Resources,BEN,US3546131018,29.46,14838017535,3411272.35714,8108700000,2669200000,3091000000,14463300000,85100000,0.16192,-362800000
378154,Freeport-McMoran Cp & Gld,FCX,US35671D8570,10.41,15103770875,19786775.16667,2623000000,3286000000,23269000000,41086000000,1560000000,0.04706,-60000000
849704,Fresenius,FRE.DE,DE0005785604,49.98,27694799997,1682887.66667,1752684204,15529940663,44475923544,73816061589,1982827425,0.07506,-1139076005
447206,Gaming & Leisure Properties Inc,GLPI,US36467J1088,38.46,8256702642,1223644.28571,24739000,607954000,6405177000,8563864000,226372000,0.11793,-4451000
250974,GAP INC,GPS,US3647601083,18.21,6843091923,8023254.80952,1471000000,3134000000,10418000000,14043000000,575000000,0.13768,-351000000
388839,GARMIN LTD,GRMN,CH0114405324,85.21,16878176788,1173436.11905,1059946000,1027701000,1373817000,5524783000,98708000,0.16074,-137049000
427444,Gen Digital Inc.,GEN,n/a,24.43,15098512648,7604218.57143,1694000000,3608000000,10119000000,15369000000,621000000,0.13684,-178000000
234391,GENERAL DYNAMICS CORP,GD,US3695501086,191.31,55258768597,1045930.57143,702000000,18014000000,35197000000,48074000000,851000000,0.11094,-729000000
244314,GENERAL ELECTRIC CO,GE,US3696041033,46.65,81682763199,16095859.59524,71351000000,71700000000,255979000000,312109000000,7756000000,0.05201,-142000000
78526,GENERAL MILLS INC,GIS,US3703341046,55.03,33259789108,3524066.80952,450000000,7087100000,22743500000,30111200000,620100000,0.12662,-367800000
125620,General Motors Co,GM,US37045V1008,38.29,54667752906,7457543.66667,24121000000,84294000000,186648000000,233737000000,14482000000,0.00759,-150000000
446906,Genpact LTD,G,BMG3922B1072,39.91,7602903531,1385794.40476,378030000,1003151000,2429387000,4012757000,114656000,0.13119,-91325000
327200,GENTEX CORP,GNTX,US3719011096,27.55,7019068276,1761480.59524,450897957,177560797,238468638,2142802873,99574523,0.30286,-85655915
239284,GILEAD SCIENCES INC,GILD,US3755581036,66.17,83801359178,6014507.64286,27183000000,8961000000,40459000000,63210000000,1423000000,0.18456,-2495000000
182201,GLOBAL PAYMENTS INC,GPN,US37940X1028,163.74,25654472258,2003281.2619,1047727000,4483582000,10408956000,14584072000,571175000,-0.05181,-81345000
647209,GoDaddy Inc.,GDDY,US3802371076,67.07,11973086497,1819886.80952,1222400000,2020100000,5492200000,6448900000,230300000,0.09703,12200000
1245424,Gol Intelligent Airlines Inc.,GOL,US38045R2067,16.53,47336675196,1298782.64286,1304551000,7320693000,15763832000,10378266000,,,307213000000
60439,GOLDMAN SACHS GROUP INC,GS,US38141G1040,215.91,77633359171,2116906.2381,91092000000,,854011000000,944903000000,1461000000,-0.02377,-1898000000
433759,GrubHub Inc.,GRUB,US4001101025,64.47,5889538999,2684641.78571,377037000,220656000,861549000,2343249000,127726000,0.0316,2467000
882847,"Guardant Health, Inc.",GH,US40131M1099,74.73,6947330572,1139352.38095,545627000,57049000,77715000,939989000,9183000,-0.11359,1146000
378158,Halliburton Co.,HAL,US4062161017,21.03,18420855449,14680900.57143,1176000000,4955000000,17356000000,26880000000,1658000000,0.06226,-4000000
331419,Hanesbrands Inc.,HBI,US4103451021,14.83,5361686664,5941417.90476,257941000,2069817000,6742042000,7876892000,130792000,0.1437,-92562000
378159,Harley-Davidson,HOG,US4128221086,34.92,5473070615,1893348.5,924638000,3742252000,8829675000,10740316000,,,-125636000
387752,HARTFORD FINANCIAL SERVICES GROUP INC/DE,HIG,US4165151048,60.73,21958838058,1805643,226000000,,54180000000,69472000000,451000000,,-303000000
249756,HASBRO INC,HAS,US4180561072,119.3,15055759854,1018165.64286,1151042000,1072696000,3322741000,5038610000,180673000,0.17381,-13582000
378161,HCA Holdings,HCA,US40412C1018,124.99,42619440172,1666450.45238,2430000000,8961000000,47219000000,45449000000,2418000000,0.16652,-967000000
218138,"HD Supply Holdings, Inc.",HDS,n/a,39.81,6731871000,1527986.7381,41000000,858000000,3325000000,4756000000,109000000,0.20261,-143000000
1253408,HDFC BANK LTD,HDB,US40415F1012,25.96,266094747253,4142338.38095,574151,,10190813,11367304,141,,
949687,"HEALTHCARE TRUST OF AMERICA, INC.",HTA,US42225P5017,28.57,5861380659,1172902.42857,23194000,401936000,3009473000,6240475000,269195000,,
378162,"HEALTHPEAK PROPERTIES, INC.",PEAK,US42250P1030,35.11,17242882633,2743652.40476,130521000,1249402000,7093821000,13713093000,560204000,0.07829,13186000
378104,Henry Schein,HSIC,US8064071025,62.76,9304749024,1291888.28571,84924000,1825277000,3378409000,7112337000,193337000,0.20042,-136171000
335043,HERBALIFE LTD.,HLF,KYG4412G1010,41.74,6312980408,1730727.78571,1254900000,1526700000,3612800000,3078600000,98600000,0.33127,-195100000
248677,HERSHEY CO,HSY,US4278661081,152.69,64019557820,1246946.42857,365963000,2387427000,6109479000,7793560000,288494000,0.27892,-245762000
378163,Hess Corporation,HES,US42809H1077,67.8,20643784002,3181493.71429,2208000000,2332000000,11164000000,21695000000,2014000000,0.05196,-374000000
47023,Hewlett Packard Enterprise Co,HPE,US42824C1099,14.99,19570962857,9709596.14286,3693000000,17158000000,33180000000,50760000000,2564000000,0.02667,-1609000000
740329,Hilton Worldwide Holdings Inc.,HLT,US43300A2033,94.86,27211020621,1837559.52381,635000000,2780000000,15163000000,15140000000,334000000,0.17803,-330000000
684316,HollyFrontier Corp,HFC,US4361061082,53.04,8729225978,2082664.21429,914644000,1664027000,5573492000,12104491000,470933000,0.1838,-321600000
362221,HOLOGIC INC,HOLX,US4364401012,50,13365305050,1493676.69048,427900000,1015200000,4305900000,6522400000,188800000,0.01643,34200000
261673,HOME DEPOT INC,HD,US4370761029,230.21,252115188935,3880003.97619,2547000000,18798000000,53170000000,52010000000,2197000000,0.53966,-3493000000
105257,HONEYWELL INTERNATIONAL INC,HON,US4385161066,166.46,119769308838,2686386,9943000000,19894000000,39683000000,57750000000,1096000000,0.15588,-314000000
375369,HORMEL FOODS CORP /DE/,HRL,US4404521001,43.17,23051482785,2596133.64286,574263000,1073087000,2063241000,7954576000,162965000,0.17787,-222447000
346970,"HOST HOTELS & RESORTS, INC.",HST,US44107P1049,17.25,12590836703,7411728.95238,1107000000,1046000000,4910000000,12525000000,913000000,0.24976,-147000000
195506,Howmet Aerospace Inc.,HWM,US4432011082,20.89,11990977541,4181662.33333,1357000000,3621000000,13047000000,17913000000,566000000,0.00204,-92000000
184360,HP INC,HPQ,US40434L1052,18.87,27963710368,9939104.71429,4919000000,24579000000,33536000000,32405000000,679000000,0.32732,1177000000
234479,HUMANA INC,HUM,US4448591028,273.78,36984745816,1017281.97619,4778000000,,17041000000,28913000000,415000000,,-833000000
378164,Huntington Bancshares,HBAN,US4461501045,14.55,15100590449,8985339.52381,870000000,,96579000000,108247000000,469000000,0.0194,-245000000
447408,Huntsman Corp,HUN,US4470111075,22.56,5176848366,2646390.66667,449000000,1650000000,5680000000,8500000000,360000000,0.12602,-142000000
1253406,HUYA Inc.,HUYA,US44852D1081,25.12,5119401213,2373472.80952,145922739,1333312,143409819,1027520605,35042000,,
647051,"IAC HOLDINGS, INC.",IAC,US44891N1090,42.28,19942913484,4369167.80952,3313708000,953462000,4375006000,8299105000,188008000,0.07741,45863000
378165,Illinois Tool Works,ITW,US4523081093,157.48,50944780000,1346715.14286,1677000000,2188000000,12092000000,15187000000,270000000,0.31926,-801000000
86933,ILLUMINA INC,ILMN,US4523271090,290.15,43846307400,1104674.11905,3173000000,612000000,2641000000,6973000000,191000000,0.12042,-118000000
671924,INCYTE CORP,INCY,US45337C1027,79.1,17011770354,1187346.80952,1695855000,367105000,700442000,2947633000,55370000,0.11306,-8592000
858321,Infineon,IFX.DE,DE0006231004,20.15,25509900000,6903042.14286,2137752218,2129800961,5030873844,12600470434,1051240194,0.04796,-237520440
6475601,Ingersoll Rand Inc.,IR,US45687V1061,31.06,6488434000,1525857.45238,317500000,591300000,2809000000,4594300000,180100000,0.12905,-59800000
85652,INTEL CORP,INTC,US4581401001,51.95,230138500000,22749528.47619,5281000000,19705000000,55812000000,130759000000,9946000000,0.1589,-2302000000
378167,Intercontinental Exchange,ICE,US45866F1049,93.25,52258675904,2042104.47619,837000000,64131000000,73712000000,90930000000,620000000,0.1233,-492000000
69543,INTERNATIONAL BUSINESS MACHINES CORP,IBM,US4592001014,135.95,125974725633,3990109.85714,46273000000,34564000000,136877000000,154653000000,4990000000,0.1349,-3343000000
261549,INTERNATIONAL PAPER CO /NEW/,IP,US4601461035,39.55,16406731966,3796619.11905,787000000,5049000000,26848000000,34347000000,1309000000,0.09221,-460000000
378168,Interpublic Group,IPG,US4606901001,21.28,8240109866,3311596.19048,614000000,7731300000,13880200000,16526900000,257000000,0.1833,-177000000
378169,Intl Flavors & Fragrances,IFF,US4595061015,122.23,13051101772,1339510.04762,426717000,1149533000,7022555000,13348082000,263638000,0.05817,-109760000
183557,INTUIT INC,INTU,US4612021034,268.54,69840175823,1298107.69048,2740000000,1966000000,2534000000,6283000000,225000000,0.56332,-324000000
103498,INTUITIVE SURGICAL INC,ISRG,US46120E6023,176.72,61102760039,1781998.71429,2718400000,807500000,1252000000,8531600000,155600000,0.11419,-162000000
378170,Invesco Ltd.,IVZ,BMG491BT1088,17.04,8005287834,5966334.02381,2275200000,19298900000,23805300000,38501400000,152700000,0.07025,-195000000
949710,Invitation Homes Inc.,INVH,US46187W1071,28.49,15318526305,3276087.30952,77046000,8962860000,9676685000,17714153000,536231000,,
855206,IONIS PHARMACEUTICALS INC,IONS,US4622221004,64.78,9101609304,1096386.7619,2262031000,241213000,1420563000,2877765000,13976000,-0.11043,267393000
744724,IQVIA HOLDINGS INC.,IQV,US46266C1053,152.94,29960104983,1147562.61905,994000000,3495000000,16287000000,23068000000,1166000000,0.07564,-65000000
378171,Iron Mountain Incorporated,IRM,US46284V1017,32.24,9256323587,2452597.04762,161996000,1616787000,11988888000,13720982000,665833000,0.07103,-29889000
378172,Jacobs Engineering Group,J,US4698141078,77.38,12675861831,1225551.19048,998242000,3289448000,5533145000,11641262000,177386000,0.05621,-242091000
1253405,"JD.com, Inc.",JD,US47215P1066,31.17,45120351690,13106344.71429,5248519846,17543038218,19135254887,30244236549,840546818,0.01964,-64533040
378180,Jefferies Financial Group Inc.,JEF,US47233W1099,17.73,5561224908,1482189.7381,5393737000,21813087000,38502641000,48523940000,81398000,0.04346,428656000
720902,JETBLUE AIRWAYS CORP,JBLU,US4771431016,17.14,5073440000,4567183.54762,909000000,2889000000,6539000000,11236000000,505000000,0.09476,-123000000
89661,JOHNSON & JOHNSON,JNJ,US4781601046,129.67,342220593886,7343979.88095,15278000000,31353000000,94332000000,155117000000,6932000000,0.25373,-2676000000
360440,JOHNSON CONTROLS INC,JCI,IE00BY7QL619,43.86,34899689897,4341312.83333,3685000000,9242000000,21660000000,43069000000,866000000,0.08405,-461000000
243510,JPMORGAN CHASE & CO,JPM,US46625H1005,118.57,379125795146,11449947.02381,23164000000,,2464164000000,2727379000000,8151000000,,-7828000000
385619,JUNIPER NETWORKS INC,JNPR,US48203R1041,24.09,8330699948,3183887.52381,2800200000,1766200000,4312100000,8903300000,201300000,0.0399,30600000
97995,KELLOGG CO,K,US4878361082,60.23,21849817733,2838366.14286,340000000,4989000000,15457000000,18669000000,525000000,0.10775,-190000000
378130,Keurig Dr Pepper Inc.,KDP,US49271V1008,27.85,39177582784,2481929.38095,106000000,6695000000,26664000000,49547000000,306000000,0.07179,-325000000
378174,KeyCorp,KEY,US4932671088,18.13,18189082062,9195460.40476,607000000,,127574000000,144545000000,308000000,-0.06627,-348000000
186556,"Keysight Technologies, Inc.",KEYS,US49338L1035,101.38,19016652875,1749160.78571,1394000000,1432000000,3410000000,6348000000,306000000,-0.02456,384000000
384594,KIMBERLY CLARK CORP,KMB,US4943681035,131.92,45398457134,1741892.02381,534000000,6585000000,15297000000,15347000000,917000000,0.27116,-504000000
378175,Kimco Realty,KIM,US49446R1095,20.08,8475715912,4064323.47619,113991000,5129195000,5649752000,11040903000,289804000,0.1416,-2554000
88392,"KINDER MORGAN, INC.",KMI,US49456B1017,20.74,46951318728,13645804.61905,213000000,5659000000,41436000000,76695000000,2328000000,0.06488,-789000000
3308077,KINROSS GOLD CORP,KGC,CA4969024047,5.18,6477072000,16856557.5,349000000,612400000,3536500000,8063800000,772400000,-0.00144,-138800000
805180,KKR & Co. Inc.,KKR,US48251W1045,28.56,15583007731,2782917.83333,54341911000,3556217000,29242002000,57524065000,,,-60293000
132518,KLA TENCOR CORP,KLAC,US4824801009,152.6,24302457970,1683190.71429,1739385000,1768486000,6330823000,9008516000,233224000,0.17182,-121214000
993639,Knight-Swift Transportation Holdings Inc.,KNX,US4990491049,35.59,6068510940,2347510.52381,55063000,743587000,2681564000,8213584000,444542000,0.0586,-139196000
186130,KOHLS Corp,KSS,US5002551043,50.81,8085229456,4527594.78571,625000000,2840000000,9087000000,14542000000,939000000,0.11767,-209000000
693432,Kraft Heinz Co,KHC,US5007541064,28.36,34598956813,9576276.90476,1452000000,7797000000,51524000000,103201000000,1001000000,0.03903,1299000000
258154,KROGER CO,KR,US5010441013,25.65,20489183244,10548319.90476,409000000,13575000000,35787000000,44319000000,2503000000,0.06628,-510000000
248838,"L3HARRIS TECHNOLOGIES, INC.",LHX,US5024311095,214.26,47840154707,1416993.2381,343000000,1822000000,6440000000,9852000000,261000000,0.15252,-138000000
101897,LAM RESEARCH CORP,LRCX,US5128071082,23.68,34225413926,17498580.2381,5431203000,2371650000,7327468000,12001333000,309281000,0.31244,-255141000
1077538,"Lamb Weston Holdings, Inc.",LW,US5132721045,74,10808641428,1080626.14286,12200000,552800000,3052700000,3048100000,162400000,0.23834,-133600000
1076498,LAS VEGAS SANDS CORP,LVS,US5178341070,59.11,45502200836,4048861.88095,4017000000,3031000000,16012000000,22594000000,1163000000,0.19783,-1186000000
378178,Leggett & Platt,LEG,US5246601075,41.87,5504653715,1333087.85714,289700000,900300000,3763200000,5002000000,165200000,0.13518,-83300000
902720,"Leidos Holdings, Inc.",LDOS,US5253271028,86.7,12468137647,2124878.97619,660000000,2246000000,5965000000,9327000000,243000000,0.16695,-83000000
625661,"Leidos, Inc.",LDOS_old,n/a,86.7,6311810720,2124878.97619,670000000,990000000,2277000000,3401000000,34000000,0.30431,-145000000
80077,LENNAR CORP /NEW/,LEN,US5260571048,51.4,17104748622,3324712.35714,800678000,3219227000,14336529000,29583064000,90737000,0.07073,-556829000
670717,Liberty Global plc,LBTYA,GB00B8W67662,27.43,20034384624,2678465.59524,1269000000,10333200000,50316300000,53987000000,3702100000,0.08903,-1010700000
378181,Lilly (Eli) & Co.,LLY,US5324571083,111.12,107278909626,3617963.5,2367900000,11855400000,35809100000,38666400000,1364900000,0.09254,-384100000
243942,LINCOLN NATIONAL CORP,LNC,US5341871094,60.83,12177721333,1554382.83333,3314000000,,303804000000,322259000000,,,-184000000
1117109,LINDE PLC,LIN,IE00BZ12WP82,192.24,103923308038,1760602,2686000000,10521000000,34295000000,87189000000,3626000000,0.00227,-820000000
124743,LKQ CORP,LKQ,US5018892084,32.23,9933448117,2836834.2381,375967000,2106946000,7794488000,12704236000,316934000,0.12347,-188411000
103644,LOCKHEED MARTIN CORP,LMT,US5398301094,393.98,111258967444,1036830.47619,1167000000,15132000000,44944000000,47840000000,1160000000,0.2345,-836000000
186050,LOWES COMPANIES INC,LOW,US5486611073,112.73,87004860462,4959864.7619,2071000000,15835000000,38055000000,40695000000,1540000000,0.15957,-1019000000
90670,lululemon athletica inc.,LULU,US5500211090,195.47,24070318689,1785203,623738000,552609000,1187365000,2694744000,137477000,0.1427,-238780000
373834,"Lumen Technologies, Inc.",LUMN,US5502411037,12.81,13972751466,12246185.04762,410000000,6495000000,50816000000,64508000000,4931000000,0.10227,-373000000
939173,"Lyft, Inc.",LYFT,US55087P1049,48.06,14072979423,6344458.38095,3310310000,2125816000,2427344000,5704476000,70131000,-0.47053,-2475000
378183,LyondellBasell,LYB,NL0009434992,89,29837077785,2963492.54762,1331000000,7538000000,20312000000,31171000000,1292000000,0.13437,-703000000
185124,"Macy's, Inc.",M,US55616P1049,16.63,5137254671,14033318.57143,674000000,4439000000,14426000000,20741000000,964000000,0.11822,-295000000
378185,Marathon Oil Corp.,MRO,US5658491064,13.07,10508830914,11985289.71429,961000000,2471000000,9181000000,21282000000,2398000000,0.02141,-4000000
353184,Marathon Petroleum Corp,MPC,US56585A1025,53.41,35160835095,6142418.92857,1247000000,14890000000,52830000000,96896000000,3234000000,0.06915,-1116000000
98192,MARRIOTT INTERNATIONAL INC /MD/,MAR,US5719032022,130.56,43001087670,1687499.2381,284000000,5624000000,23653000000,24893000000,280000000,0.11196,-287000000
85544,"MARSH & MCLENNAN COMPANIES, INC.",MMC,US5717481023,101.46,51370333337,1491301.28571,1294000000,,23779000000,32116000000,557000000,-0.09591,-594000000
198029,MARVELL TECHNOLOGY GROUP LTD,MRVL,US5738741041,25.85,17241950000,8816142.90476,573496000,620672000,2777328000,9981140000,163125000,0.02439,-197380000
255010,MASCO CORP /DE/,MAS,US5745991068,41.29,11866746000,2976882.2381,325000000,1953000000,5582000000,5653000000,156000000,0.39243,-267000000
331628,Mastercard Inc,MA,US57636Q1040,276.25,283407374510,3637576.90476,6500000000,9497000000,19622000000,24731000000,463000000,0.56394,-1493000000
647179,"Match Group, Inc.",MTCH,US57667L1070,79.71,22396768576,2466046.40476,266374000,383357000,2074820000,2285771000,34112000,0.31124,-11481000
153611,MAXIM INTEGRATED PRODUCTS INC,MXIM,,58.7,15923715767,1854405.7619,1898332000,688116000,1898706000,3743982000,110745000,0.17532,73065000
251282,MCCORMICK & CO INC,MKC,US5797802064,79.49,21008930534,1602207.80952,139400000,1860100000,6854100000,10236700000,155600000,0.12171,-134900000
243628,MCDONALDS CORP,MCD,US5801351017,209.85,159369359914,3127355.5,1134500000,3240000000,53008600000,46199800000,1545000000,0.22752,-1851300000
380928,MCKESSON CORP,MCK,US58155Q1031,143.75,26579967969,1607633.52381,1947000000,37952000000,52212000000,61680000000,943000000,0.24316,-405000000
1063682,MDU RESOURCES GROUP INC,MDU,US5526901096,10.64,5570062757,2212420.40476,71966000,912602000,4931192000,7591493000,236839000,-0.03072,-46888000
949729,MEDICAL PROPERTIES TRUST INC,MPW,US58463J3041,19.05,8501887117,3899683.83333,451652000,203397000,5199576000,10123211000,136481000,0.18122,4418000
73420,Medtronic plc,MDT,IE00BTN1Y115,109.34,146698139959,4588290.28571,10683000000,8518000000,40771000000,91268000000,2650000000,0.08686,-544000000
825113,Mercedes-Benz Group AG,MBG.DE,n/a,43.8,46857240000,4132893.61905,23366240724,123178367205,261263462917,330715777179,7961409887,-0.01922,-1672446089
262201,"Merck & Co., Inc.",MRK,US58933Y1055,78.73,211254053834,8867668.07143,7105000000,20085000000,56228000000,83965000000,4027000000,0.17942,-2353000000
121021,"Meta Platforms, Inc.",META,US30303M1027,188.08,536582929664,14457558.11905,48596000000,12979000000,28244000000,117006000000,5189000000,0.21983,-5133000000
380562,METLIFE INC,MET,US59156R1086,47.43,44415709289,6382245.42857,18435000000,,668121000000,732167000000,,,-1483000000
139431,MGM Resorts International,MGM,US5529531015,29.6,15434228988,5786815.33333,1160591000,2786539000,19758408000,30813715000,1264216000,0.06165,-195026000
333440,MICROCHIP TECHNOLOGY INC,MCHP,US5950171042,46.88,22318968874,4827217.80952,437100000,2450800000,12958100000,18246400000,1010700000,0.09575,163600000
60906,MICRON TECHNOLOGY INC,MU,US5951121038,50.84,56229040000,23545941.19048,6689000000,5397000000,10000000000,46288000000,5293000000,0.16429,-642000000
59265,MICROSOFT CORP,MSFT,US5949181045,137.39,1049028897466,24549505.04762,133819000000,69420000000,184226000000,286556000000,11682000000,0.20017,-4448000000
917766,"Moderna, Inc.",MRNA,US60770K1079,17.66,5831017687,1965827.2381,1070346000,161987000,346725000,1685279000,28648000,-0.39666,180000
248956,MOLSON COORS BREWING CO,TAP,US60871R2094,55.68,11068681766,1815367.40476,490200000,4080300000,15916600000,30061600000,857600000,0.06481,-160700000
378190,Mondelez International,MDLZ,US6092071058,54.7,78885632405,5696229.7381,1248000000,17798000000,37399000000,63573000000,921000000,0.08707,-826000000
720635,"MongoDB, Inc.",MDB,US60937P1066,136,7659032848,1580043.95238,436053000,189002000,502254000,741597000,10198000,-0.17467,7510000
333441,Monster Beverage Corp,MNST,US61174X1090,29,31603001836,6276316.09524,1246235000,705500000,1026746000,5084332000,61238000,0.35489,-288824000
86439,MORGAN STANLEY,MS,US6174464486,44.21,73068870141,10168269.61905,38257000000,,809114000000,891959000000,2270000000,0.04004,-2140000000
94993,MOSAIC CO,MOS,US61945C1036,21.81,8415768365,5472356.09524,401900000,2526900000,9961600000,20643900000,888400000,0.01102,-118200000
333970,"Motorola Solutions, Inc.",MSI,US6200763075,168.84,27952395179,1065916.02381,953000000,2876000000,10928000000,9974000000,373000000,0.24656,-164000000
11794908,MPLX LP,MPLX,US55336V1008,29.36,23311840000,2945908.71429,7000000,1048000000,15872000000,23746000000,827000000,0.103,-6000000
333504,Mylan N.V.,MYL,n/a,21.43,11055092407,7765290.09524,211500000,4560300000,19914100000,31816900000,2111400000,0.08734,-68200000
378191,Mylan N.V.,MYL_old,n/a,21.43,8020682669,7765290.09524,225500000,5305700000,12610600000,15886600000,566600000,0.03217,-41400000
378192,NASDAQ OMX Group,NDAQ,US6311031081,34.24,16916725680,2046094.42857,592000000,4531000000,8581000000,14132000000,200000000,0.15922,-549000000
378193,National Oilwell Varco Inc.,NOV,US6370711011,22.65,8740554026,4994791.59524,1121000000,2221000000,5862000000,14349000000,674000000,-0.03941,328000000
448043,National Retail Properties Inc,NNN,US6374171063,54.91,8978550500,1092482.78571,2209000,3030350000,3030350000,7252801000,179017000,,
183964,"NetApp, Inc.",NTAP,US64110D1046,56.54,13451575973,3106794.14286,3532000000,3175000000,6948000000,7811000000,197000000,0.18346,-126000000
83548,NETFLIX INC,NFLX,US64110L1061,298.6,130737495765,6964623.54762,5004247000,6933984000,24065791000,30171339000,128526000,0.08623,-247310000
1234784,NEW YORK COMMUNITY BANCORP INC,NYCB,US6494451031,38.43,5986313486,1724824.97619,,,,,29545000,,-125009000
378194,Newell Rubbermaid Co.,NWL,US6512291062,18.51,7837134000,5672369.7381,624500000,3135800000,12661700000,17666300000,353400000,-0.03226,1444700000
103736,NEWMONT MINING CORP /DE/,NEM,US6516391066,39.6,32467795470,8259225,1851000000,2538000000,16614000000,36987000000,1434000000,0.03964,-408000000
188922,NEXTERA ENERGY INC,NEE,US65339F1012,55.55,106433800000,8196047.61905,1019000000,24251000000,72058000000,110552000000,4175000000,0.03668,-295000000
333689,Nielsen Holdings plc,NLSN,GB00BWFY5505,22.57,8027552407,2752718.07143,393000000,1889000000,12600000000,15588000000,710000000,0.08206,210000000
101814,NIKE INC,NKE,US6541061031,87.59,136640400000,5723087.35714,4663000000,7866000000,14677000000,23717000000,705000000,0.35907,-772000000
119873,NISOURCE INC/DE,NI,US65473P1057,29.43,10987609185,3337252.88095,23700000,3813700000,15998000000,21974200000,663300000,-0.04597,117000000
249388,NOBLE ENERGY INC,NBL,n/a,25.09,11999370806,5677521.42857,470000000,2311000000,11445000000,21649000000,2037000000,-0.01096,-77000000
378195,Norfolk Southern Corp.,NSC,US6558441084,180.73,47605506084,1763283.80952,274000000,2451000000,21861000000,37172000000,1125000000,0.12542,-830000000
407194,NORTHERN TRUST CORP,NTRS,n/a,96.19,20670340858,1074426.59524,5348300000,,115745400000,126550900000,194600000,0.02117,-405100000
744483,Norwegian Cruise Line Holdings Ltd.,NCLH,BMG667211046,53.96,11633631603,2341385.66667,419925000,3582551000,9815634000,15965977000,618601000,0.09922,21137000
378196,NRG Energy,NRG,US6293775085,39.03,9874117308,2628516.14286,294000000,2294000000,10800000000,9171000000,158000000,0.64963,2000000
334772,NUCOR CORP,NUE,US6703461052,53.09,16094630348,1909509.38095,1481792000,2380414000,7428472000,18126480000,723389000,0.1813,-693589000
544815,"Nutanix, Inc.",NTNX,US67059N1081,26.84,5068923383,4474210.30952,940752000,539080000,1496373000,1801819000,70029000,-0.25896,-5123000
334679,O REILLY AUTOMOTIVE INC,ORLY,US67103H1077,26.1,29954763941,8942318.57143,55809000,4360392000,10057261000,10201943000,260420000,0.33828,-386590000
334205,OCCIDENTAL PETROLEUM CORP /DE/,OXY,US6745991058,45.15,33787936716,10230743.7381,1751000000,7880000000,23423000000,44770000000,4113000000,0.23326,-1367000000
708398,"Okta, Inc.",OKTA,US6792951054,105.66,12335593680,2281578.30952,557465000,620669000,776085000,1026810000,12218000,-0.29596,1435000
782146,OLD DOMINION FREIGHT LINE INC/VA,ODFL,US6795801009,58,13921093416,1800970.07143,228960000,386105000,960218000,3758703000,246285000,0.2358,-222220000
448187,Old Republic International Corp,ORI,US6802231042,23.04,6985752284,1583586.40476,100300000,,14180500000,19326500000,,,
531049,OMEGA HEALTHCARE INVESTORS INC,OHI,US6819361006,41.42,8969652929,1693703.14286,32766000,3634483000,5045914000,9098420000,285798000,0.07259,-3097000
251397,OMNICOM GROUP INC.,OMC,US6819191064,79.19,17225701090,1521961.33333,2903500000,15068100000,21825000000,25042100000,244600000,0.35309,-498300000
136025,ON SEMICONDUCTOR CORP,ON,US6821891057,19.65,8065920171,6217383.54762,885200000,1266800000,5226600000,8524500000,543100000,0.10194,-133100000
334076,ONEOK INC /NEW/,OKE,US6826801036,76.2,31468182784,2034277.90476,273397000,1737373000,13403458000,19751594000,447154000,-0.02042,-376470000
257930,ORACLE CORP,ORCL,US68389X1054,52.87,173854007100,11135840.45238,35704000000,18875000000,87210000000,106229000000,2949000000,0.17191,-1255000000
985860,Owens Corning,OC,US6907421019,59.47,6469880519,1669886.61905,92000000,1325000000,5738000000,10183000000,442000000,0.07188,-194000000
406606,PACCAR INC,PCAR,US6937181088,47.26,24554109398,2663907.14286,4336700000,8726800000,17532800000,27168200000,1032600000,0.22311,-682900000
199345,Palo Alto Networks Inc,PANW,US6974351057,35.45,20629875096,8784167.28571,2803100000,2053300000,5005900000,6592200000,153800000,0.04479,-7300000
378106,Paramount Global,PARA,US92556H2067,43.3,16223072700,4355030.2381,216000000,3843000000,19082000000,23835000000,217000000,0.08909,352000000
641161,Park Hotels & Resorts Inc.,PK,US7005171050,25.88,5217993406,3093461.85714,310000000,664000000,3855000000,9431000000,261000000,0.09091,-22000000
749130,"Parsley Energy, Inc.",PE,n/a,19.28,6105109672,5062312.45238,64099000,789268000,3410065000,9838066000,690392000,-0.0222,-73742000
106287,PAYCHEX INC,PAYX,US7043261079,82.55,29544645000,1630085.28571,712600000,4845000000,6056500000,8676000000,181500000,0.39924,-333600000
109664,"PayPal Holdings, Inc.",PYPL,US70450Y1038,107.5,126492607113,7414803.45238,8415000000,29847000000,32252000000,48391000000,869000000,0.45643,-369000000
334445,PENTAIR plc,PNR,IE00BLS09M33,37.93,6440514000,1320889.21429,80500000,710200000,2363400000,4170000000,82200000,0.1305,-55100000
335764,"People's United Financial, Inc.",PBCT,US7127041058,16.18,6451541992,4206474.54762,780700000,,44576300000,51622500000,64000000,0.0035,-113200000
218222,PEPSICO INC,PEP,US7134481081,135.7,189437200000,4206546.45238,3584000000,19928000000,61047000000,75084000000,2385000000,0.06932,3774000000
334568,PERRIGO CO,PRGO,IE00BGH1M568,55.72,7580965209,1363032.71429,1055700000,1790800000,5702300000,11428700000,397300000,0.07335,-145800000
262090,PFIZER INC,PFE,US7170811035,34.63,201883375505,28853386.30952,12912000000,32030000000,96274000000,156198000000,6328000000,0.10177,980000000
378198,PG&E Corp.,PCG,US69331C1080,11.16,5906137530,7941445.83333,3459000000,5711000000,73793000000,84387000000,3131000000,0.07583,3953000000
82860,Philip Morris International Inc.,PM,US7181721090,72.02,112051586141,7048895.30952,4008000000,18046000000,49332000000,39923000000,973000000,0.4806,-2277000000
353084,Phillips 66,PSX,US7185461040,102.2,45840961433,2317175.71429,1819000000,11171000000,30475000000,57781000000,1348000000,0.11553,-1404000000
998407,Physicians Realty Trust,DOC,US71943U1043,35.11,6505238240,2743652.40476,6883000,1613506000,1719615000,4171987000,154822000,,
1253410,Pinduoduo Inc.,PDD,US7223041028,35.43,157865050216,7834749.42857,3150875824,3522262550,3522262550,6243919493,75135204,,
327292,PINNACLE WEST CAPITAL CORP,PNW,US7234841010,94.36,10596991663,1063118.11905,1648000,1900961000,12808423000,18165666000,657590000,0.028,-110626000
979810,"PINTEREST, INC.",PINS,US72352L1061,30.11,16341010806,5196488.83333,1850748000,139897000,313936000,2387176000,22764000,-0.03042,-465000
378199,Pioneer Natural Resources,PXD,US7237871071,139.01,23234635728,1729242.45238,643000000,2525000000,6230000000,18106000000,1632000000,0.04984,-262000000
980332,PLAINS ALL AMERICAN PIPELINE LP,PAA,US7265031051,22.18,16134278049,2452745.38095,419000000,4294000000,14684000000,27757000000,628000000,0.10868,-154000000
948485,"Planet Fitness, Inc.",PLNT,US72703H1014,62.77,5812109750,1335005.02381,330550000,125424000,1837839000,1523467000,38660000,0.1525,-29112000
348075,"PNC FINANCIAL SERVICES GROUP, INC.",PNC,US6934751057,139.24,61997571313,2054704.33333,5416000000,,356380000000,405761000000,1141000000,,-1047000000
625659,"Post Holdings, Inc.",POST,US7374461041,69.58,7768327306,1041571.90476,364700000,715700000,8180600000,11397900000,385700000,0.07384,-52100000
256062,PPG INDUSTRIES INC,PPG,US6935061076,117.21,27695889520,1119239.71429,1016000000,4706000000,12768000000,17955000000,493000000,0.15615,-350000000
26853,PPL Corp,PPL,US69351T1060,31.12,22476336069,4157954,406000000,4063000000,32221000000,44204000000,1211000000,0.02534,-409000000
367240,PRINCIPAL FINANCIAL GROUP INC,PFG,US74251V1026,57.17,15938788073,1237991.95238,3315900000,,253511500000,267918000000,208100000,0.00658,-252400000
133209,PROCTER & GAMBLE Co,PG,US7427181091,121.16,303173781375,7657190.2619,10287000000,30011000000,67516000000,115095000000,2824000000,0.17065,-2103000000
378203,Progressive Corp.,PGR,US7433151039,74.02,43275610319,2686315.59524,91900000,,37773300000,51324200000,290300000,0.17193,-932000000
113992,"Prologis, Inc.",PLD,US74340W1036,86.44,54554790760,2082790.07143,401190000,1960997000,12929317000,38706750000,1107845000,-0.03297,-72818000
78741,PRUDENTIAL FINANCIAL INC,PRU,US7443201022,88.29,35492580000,2402631.47619,15421000000,,811672000000,873825000000,24000000,,-796000000
148538,PTC INC.,PTC,US69370C1009,67.46,7770007586,1496886.04762,300935000,601222000,1433006000,2648601000,80739000,0.13819,-11282000
117316,PUBLIC SERVICE ENTERPRISE GROUP INC,PEG,US7445731067,61.17,30929781157,2256044.57143,82000000,3982000000,31526000000,46280000000,1270000000,0.00318,-247000000
404717,PULTEGROUP INC/MI/,PHM,US7458671010,35.41,9710083423,3491299.71429,631309000,4997817000,5025730000,10095537000,51765000,0.27106,-316677000
46764,PVH CORP. /DE/,PVH,US6936561009,88.45,6558019818,1599205.97619,433500000,2427700000,7949800000,13820900000,323500000,0.05623,-9700000
35151,"Qorvo, Inc.",QRVO,US74736K1016,76.35,8992858562,1268040.16667,629599000,452146000,1589038000,5926381000,229099000,0.06902,3541000
85758,QUALCOMM INC/DE,QCOM,US7475251036,78.69,95660106459,9547926.21429,14358000000,11577000000,28670000000,34133000000,1447000000,0.31421,-2704000000
378205,Quanta Services Inc.,PWR,US74762E1029,38.22,5435004317,1459846.45238,73356000,1906233000,4245558000,8021817000,258155000,0.00385,-199199000
341807,QUEST DIAGNOSTICS INC,DGX,US74834L1008,106.25,14308692813,1016374.04762,273000000,1904000000,6175000000,11760000000,323000000,0.12527,-201000000
331016,RALPH LAUREN CORP,RL,US7512121010,99.05,7648792646,1413435.69048,1929100000,1591000000,4330900000,7343700000,277200000,0.15911,-157200000
744727,RAYMOND JAMES FINANCIAL INC,RJF,US7547301090,57.57,11989804191,1390811.7619,3596000000,,32113000000,38677000000,107805000,0.02597,-173235000
354596,RAYTHEON CO/,RTN,n/a,201.01,55988119340,1667601.57143,2173000000,7871000000,19547000000,32186000000,585000000,0.14099,-392000000
81605,REALTY INCOME CORP,O,US7561091049,73.42,24111942502,1560500.09524,27136000,7387207000,7886036000,16748630000,562621000,-0.14137,-5509000
378207,Regions Financial Corp.,RF,US7591EP1005,16.26,16223778216,11859136.33333,2026000000,,110910000000,127518000000,435000000,,-368000000
101495,"REPUBLIC SERVICES, INC.",RSG,US7607591002,85.59,27453101370,1094008.14286,72500000,3571000000,14041600000,21996800000,1111600000,0.10268,-289200000
716651,Restaurant Brands International Inc.,QSR,CA76131D1033,73.95,18912903513,2757646.78571,1028000000,1383000000,17765000000,21725000000,179400000,0.11504,-330600000
1301815,RIO TINTO PLC,RIO,US7672041008,53.61,347253429869,2258132.42857,9620000000,11066000000,42452000000,86752000000,4015000000,0.1833,-4242000000
562880,Rithm Capital Corp.,RITM,n/a,15.05,6253587739,3470550.35714,12531864000,29991545000,29991545000,36792375000,,,0
378208,Robert Half International,RHI,US7703231032,55.88,6569308904,1112852.35714,269440000,909510000,1130192000,2239419000,65064000,0.57872,-161158000
617783,"ROKU, INC",ROKU,US77543R1023,150.52,17495553120,12450041.61905,386496000,238268000,360143000,820825000,10460000,-0.11286,774000
744726,ROLLINS INC,ROL,US7757111049,23.33,11460385973,2415981.16667,98466000,414341000,977513000,1729777000,68208000,0.29756,-78257000
200092,ROSS STORES INC,ROST,US7782961038,108.14,39117527619,1907074.90476,1382025000,2679408000,5855683000,9151947000,334852000,0.37751,-468167000
403292,ROYAL CARIBBEAN CRUISES LTD,RCL,LR0008862868,114.09,23908822590,1647013.11905,235001000,7586140000,17713789000,29808962000,1143976000,,
261978,RTX Corporation,RTX,US75513E1010,86.35,118389209353,4561871.7381,6819000000,35422000000,95904000000,138990000000,3124000000,0.097,-2247000000
858324,RWE,RWE.DE,DE0007037129,29.18,18202761910,3121833.7619,7438968798,72000903223,79485307775,93736231968,31527954,0.05931,-140117971
378217,"S&P Global, Inc.",SPGI,US78409V1044,256.12,63082356000,1332097.02381,1881000000,2699000000,7725000000,10185000000,213000000,0.4081,-550000000
980330,Sabre Corp,SABR,US78573M1045,23.27,6368451224,1635246.07143,396848000,1120348000,4850383000,5770071000,416815000,0.11237,-45130000
85017,SALESFORCE COM INC,CRM,US79466L3024,152.82,134023140000,7254467.71429,6042000000,10195000000,16170000000,33336000000,1423000000,0.04542,-63000000
9076219,Santander Consumer USA Holdings Inc.,SC,US80283M1018,26.35,9251648291,1035512.47619,99756000,37334646000,39078832000,46416093000,1843657000,-0.38023,-305697000
858325,SAP,SAP.DE,DE0007164600,119.89,143148660000,2119796.11905,8999686942,16640844845,35630718164,68830623498,1737053053,0.10781,-1401623348
749127,"Sarepta Therapeutics, Inc.",SRPT,US8036071004,84.88,6310014595,1789414.78571,1103069000,162089000,648586000,1747753000,21184000,-0.38269,1195000
353500,SCHLUMBERGER LIMITED/NV,SLB,AN8068571086,38.17,52789303636,11552372.40476,2348000000,11773000000,34318000000,70591000000,3647000000,0.07755,-406000000
1253411,Sea Ltd,SE,US81141R1005,30.87,10576023968,3812128.7381,1003531000,1186493000,2432124000,2192669000,78728000,-0.873,-141640000
378212,Seagate Technology,STX,IE00BKVD2N49,56.05,15079566840,2840774.78571,2220000000,2232000000,6723000000,8885000000,541000000,0.12626,640000000
378213,Sealed Air,SEE,US81211K1007,42,6490095738,1468299.90476,222200000,1587400000,5557700000,5216500000,131500000,0.1515,4800000
378214,Sempra Energy,SRE,US8168511090,71.52,39271712245,2863992.2381,168000000,8177000000,43293000000,62727000000,1543000000,0.05575,-479000000
617429,"ServiceNow, Inc.",NOW,US81762P1021,264.05,49509375000,1845543.35714,1653384000,2224979000,3341757000,4602703000,196763000,-0.0219,21382000
378215,Sherwin-Williams,SHW,US8243481061,179.17,49588709613,1584101.5,145577000,4887357000,16481380000,21186136000,579806000,0.16407,-321278000
1202864,SHOPIFY INC.,SHOP,CA82509L1076,32.88,36297116143,23993777.61905,1969670000,138688000,164017000,2254785000,27052000,,
849707,Siemens,SIE.DE,DE0007236101,96.85,78734110650,2342368.66667,21230991877,57684097186,108834532970,162352171530,3930771221,0.06936,-2291039941
111127,SIMON PROPERTY GROUP INC /DE/,SPG,US8288061091,154.17,49402736778,1639068.21429,479776000,3813239000,27137918000,30732915000,1387457000,0.13343,-37653000
97841,SIRIUS XM HOLDINGS INC.,SIRI,US82968B1035,64.7,28790308808,1960427.45238,215000000,3264000000,11805000000,11316000000,379885000,0.23526,-250862000
176359,SKECHERS USA INC,SKX,US8305661055,35.28,5530716863,2319857.2619,883552000,994573000,2097563000,4421236000,107772000,0.14028,-84433000
353611,"SKYWORKS SOLUTIONS, INC.",SWKS,US83088M1027,80.95,13899368697,1887089.09524,935000000,396500000,742400000,4842300000,362500000,0.21431,-141900000
445771,Smith A O Corp,AOS,US8318652091,49.16,7445988724,1948250.16667,577800000,730600000,1450500000,3175600000,74900000,0.21498,-107800000
449958,Snap Inc,SNAP,US83304A1060,16.83,23213202811,31000264.2381,1184794000,339937000,659327000,2776025000,93559000,-0.46527,-1249000
189248,SOUTHERN CO,SO,US8425871071,60.55,63288776165,5275813.38095,2931000000,10299000000,85509000000,117591000000,2048000000,,-1723000000
205563,SOUTHWEST AIRLINES CO,LUV,US8447411088,55.73,29955824639,3715368.52381,3986000000,8611000000,16434000000,26374000000,1231000000,0.24157,-678000000
51255,SPLUNK INC,SPLK,US8486371045,118.74,17971129677,2207274.90476,2575869000,1027215000,3053730000,4487570000,55404000,-0.14883,-22428000
3307751,Spotify Technology S.A.,SPOT,LU1778762911,129.08,23372256666,1229951.83333,1016970345,2199440914,2558975885,4949027403,37766236,0.01245,112118514
721918,SS&C Technologies Holdings Inc,SSNC,US78467J1007,51.95,13182821402,2450407.78571,131300000,1830900000,11295400000,16140900000,714500000,0.11037,-161300000
244442,"STANLEY BLACK & DECKER, INC.",SWK,US8545021011,144.38,21908698809,1099431.28571,310700000,5653100000,13290300000,21523600000,354400000,0.10097,-409900000
86689,STARBUCKS CORP,SBUX,US8552441094,90.75,108627750000,7264303.97619,4835400000,5895800000,25213400000,20894400000,1428000000,0.87145,-845500000
6480973,"Starwood Property Trust, Inc.",STWD,US85571B1052,24.39,6810639210,1538773.90476,1183860000,387893000,68044110000,72947361000,120397000,-0.01517,-34427000
378219,State Street Corp.,STT,US8574771031,60.22,22436737671,3130611.88095,3742000000,,216086000000,241540000000,247000000,0.02566,-425000000
978926,STEEL DYNAMICS INC,STLD,US8581191009,30.96,6799223031,2303131.61905,1086715000,925736000,3809633000,7857914000,323028000,0.25404,-303092000
3307755,StoneCo Ltd.,STNE,KYG851581069,36.82,10205767563,2188136.92857,3068518000,6059442000,8200227000,13293218000,92333000,-0.24966,-182790944
534667,STORE CAPITAL Corp,STOR,US8621211007,37.17,8585466385,1502475.61905,25368000,188447000,3581485000,7699974000,204016000,-0.15372,-775000
1203755,SUNCOR ENERGY INC,SU,CA8672241079,32.13,53014500000,3890227.35714,2221000000,10309000000,89579000000,89579000000,5738000000,0.08466,-1690000000
493399,Synchrony Financial,SYF,US87165B1035,33.96,22530423623,4318520.78571,11755000000,,91654000000,106388000000,337000000,,-1082000000
744723,SYNOPSYS INC,SNPS,US8716071076,136.7,20544176306,1048814.47619,686780000,1630450000,2213739000,6153408000,211095000,0.06309,159850000
1234790,SYNOVUS FINANCIAL CORP,SNV,US87161C5013,36.82,5682080221,1335837.30952,549616000,,42564387000,47318203000,37957000,0.00358,-152760000
515267,"T-Mobile US, Inc.",TMUS,US8725901040,80.21,68535999820,3275959.07143,1105000000,13173000000,57821000000,84788000000,6462000000,-0.01622,-1129000000
378221,T. Rowe Price Group,TROW,US74144T1088,117.94,27782539520,1064827.19048,1802400000,774400000,1320900000,8912300000,170800000,0.31724,-667300000
372538,TAKE TWO INTERACTIVE SOFTWARE INC,TTWO,US8740541094,130.91,14816145464,1591925.21429,1542278000,1942006000,2279895000,4366222000,41730000,-0.11637,90931000
331230,Tapestry Inc,TPR,US8760301072,25.16,7217137345,6299403.83333,1233800000,918000000,3363900000,6877300000,268200000,0.11033,-122800000
625570,Targa Resources Corp.,TRGP,US87612G1013,41.32,9618498979,2688146.09524,226500000,1658000000,9117400000,18318200000,889800000,-0.13361,42300000
72458,TARGET CORP,TGT,US87612E1064,107.28,54812411304,6254924.66667,1656000000,14364000000,29730000000,41566000000,2507000000,0.1648,-821000000
3240694,TC ENERGY CORP,TRP,CA87807B1076,50.5,46207500000,1593707.92857,446000000,12946000000,67927000000,98920000000,2350000000,0.00733,-599000000
104745,TE Connectivity Ltd.,TEL,CH0102993182,94.55,31762678644,1557889.16667,546000000,3694000000,9126000000,19748000000,668000000,0.04779,1209000000
637893,TechnipFMC plc,FTI,GB00BDSFG982,18.24,10945303723,5457154.2381,4621300000,9576800000,15093800000,25512700000,516800000,0.06932,-324100000
1307828,TELUS CORP,T.TO,n/a,18.35,88226800000,3840502.09524,162185854,4193662817,18802348154,26721801231,1818078483,,-336061937
965744,Tencent Holdings Limited,TCEHY,US88032Q1094,44.14,2088704800000,3712808.88095,39133126598,45569517456,98321248433,242258531649,,,-3087123113
1094921,"TERADYNE, INC",TER,US8807701029,58,9856857560,2541866.2381,895334000,467000000,1192102000,2671514000,118749000,0.2052,-6822000
56317,Tesla,TSLA,US88160R1014,16.32,43850348107,103708990.71429,4954740000,9588773000,24722136000,31872597000,2045711000,0.04714,-80829000
616649,TEVA PHARMACEUTICAL INDUSTRIES LTD,TEVA,US8816242098,7.92,8647897896,22560689.40476,2165000000,14452000000,44173000000,59423000000,1749000000,0.03245,335000000
252464,TEXAS INSTRUMENTS INC,TXN,US8825081040,129.56,120959799038,4938850.57143,4218000000,2646000000,8898000000,17384000000,966000000,0.50285,-987000000
378225,Textron Inc.,TXT,US8832031012,52.84,12159729967,1547730.2619,775000000,3579000000,9460000000,14796000000,423000000,0.05988,-192000000
261356,The Walt Disney Company,DIS,US2546871060,136.31,245545975443,8427283.57143,6728000000,44593000000,104222000000,209475000000,3658000000,0.04651,-3470000000
372802,THERMO FISHER SCIENTIFIC INC.,TMO,US8835561023,292.71,117223255026,1516493.04762,2288000000,7509000000,29241000000,57970000000,1396000000,0.09877,-491000000
249289,TIFFANY & CO,TIF,n/a,95.26,11507408000,2251673.45238,680600000,871100000,3122800000,6315900000,243700000,0.09407,-136900000
256569,TJX COMPANIES INC /DE/,TJX,US8725401090,55.89,67567246759,6389666.88095,2186382000,6600741000,17552367000,22854979000,851174000,0.27295,-1119954000
200636,TOLL BROTHERS INC,TOL,US8894781033,40.68,5712651720,1990704.2381,836258000,2954783000,5467660000,10452117000,57958000,0.1304,-212326000
378227,Total System Services,TSS,n/a,133.27,23585738917,1295760.5,458220000,501327000,5212212000,7706806000,408377000,0.1524,-132480000
378228,Tractor Supply Company,TSCO,US8923561067,19.24,11473289056,6647280.47619,104018000,1271386000,3767777000,5312719000,185719000,0.19749,-155806000
650768,"Trade Desk, Inc.",TTD,US88339J1051,21.32,9590522495,15288763.09524,231051000,670473000,747230000,1239451000,16269000,0.03002,-12437000
378166,Trane Technologies plc,TT,IE00BK9ZQ967,124.43,30059387661,1208102.5,875600000,5180200000,13494700000,20667600000,360600000,0.12774,-286600000
700411,TransUnion,TRU,US89400J1079,81.9,15380820000,1157319.78571,194700000,575700000,5018800000,7127300000,355000000,0.1045,-51000000
262327,"TRAVELERS COMPANIES, INC.",TRV,US89417E1091,147.25,38341797565,1284180.45238,416000000,,83251000000,108572000000,793000000,,-501000000
991604,TREX CO INC,TREX,US89531P1057,43.8,5118001705,1460105.66667,106084000,81469000,144665000,536198000,14091000,0.46806,-37191000
627855,TRIMBLE INC.,TRMB,US8962391004,39.52,9950735979,1045037.78571,199600000,1075200000,3050800000,5876100000,223000000,0.08888,-5200000
89539,"TripAdvisor, Inc.",TRIP,US8969452015,41.44,5240853397,1706477.97619,966000000,638000000,991000000,2566000000,120000000,0.17064,-74000000
245217,TRUIST FINANCIAL CORP,TFC,US89832Q1094,52.76,40414697097,4576895.45238,1831000000,,199108000000,230872000000,557000000,,-826000000
670420,TWILIO INC,TWLO,US90138F1021,112.32,15262894446,4080085.7619,1882282000,201781000,812245000,5109105000,64313000,-0.06285,53250000
30388,"TWITTER, INC.",TWTR,US90184L1026,43.24,33425283489,14233922.54762,6686538000,1733738000,4176793000,12521607000,451760000,-0.10577,1876769000
138054,TYSON FOODS INC,TSN,US9024941034,88.88,32413315855,2882368.88095,406000000,5597000000,19524000000,33665000000,1055000000,0.08413,-522000000
378231,U.S. Bancorp,USB,US9029733048,55.9,88088710238,5457937.35714,16932000000,,428179000000,481719000000,484000000,,-1578000000
914943,"Uber Technologies, Inc",UBER,US90353T1007,34.29,58293123478,10385246.5,11744000000,5570000000,15072000000,30980000000,509000000,-0.2985,304000000
424210,"UDR, Inc.",UDR,US9026531049,48.51,13839052911,1577476.19048,981000,358130000,4228719000,8197266000,451384000,-0.02461,-2565000
1070710,UGI CORP /PA/,UGI,US9026811052,50.05,8725630664,2242929.2381,533700000,1594700000,7845200000,12018900000,443800000,0.05457,-124300000
178804,"Ulta Salon, Cosmetics & Fragrance, Inc.",ULTA,US90384S3031,233.85,13761826958,1967623.61905,327398000,1064934000,2870924000,4710375000,286608000,0.1879,-202972000
80553,"Under Armour, Inc.",UA,US9043112062,19.02,7927480690,2316252.66667,455726000,1332641000,2631634000,4679908000,184218000,0.16162,-12022000
367644,UNION PACIFIC CORP,UNP,US9078181081,166.9,117586015275,3050519.57143,1109000000,5665000000,43537000000,61708000000,2202000000,0.16013,-1832000000
219075,"United Continental Holdings, Inc.",UAL,US9100471096,89.98,23117793781,2429357.33333,5444000000,16078000000,41830000000,52150000000,,,-696000000
106423,UNITED PARCEL SERVICE INC,UPS,US9113121068,122.39,105096902135,3478945.97619,4797000000,13633000000,48364000000,52787000000,2212000000,0.10105,-1319000000
102754,UNITED RENTALS INC /DE,URI,US9113631090,126.9,9791958559,1383685.30952,75000000,2535000000,15569000000,19047000000,1891000000,0.15845,-368000000
367714,UNITEDHEALTH GROUP INC,UNH,US91324P1021,232.52,220354695205,3551741.64286,17269000000,62328000000,109144000000,167200000000,2541000000,0.1642,-3728000000
378233,Unum Group,UNM,US91529Y1064,29.54,6162957140,2241947.11905,60800000,,56390600000,65843700000,106800000,0.03452,-110700000
365184,US Foods Holding Corp.,USFD,US9120081099,42.48,9310381871,1875651.69048,96000000,2216000000,5904000000,9339000000,347580000,0.11086,-116567000
330907,V F CORP,VFC,US9182041080,87.92,35007679199,1706684.64286,606080000,1947145000,6250350000,10401964000,389053000,0.19495,-268664000
410846,VALERO ENERGY CORP/TX,VLO,US91913Y1001,84.31,34938354026,3438285.78571,2033000000,12548000000,30185000000,52022000000,2165000000,0.09938,-692000000
199530,VEEVA SYSTEMS INC,VEEV,US9224751084,148.72,22008317749,1591499.92857,1432156000,382941000,414836000,1859853000,17976000,0.19996,-6979000
398980,VENTAS INC,VTR,US92276F1003,72.98,27191218343,1834149.64286,81987000,1484341000,11889887000,22988911000,924962000,0.04446,94986000
543421,"VEREIT, Inc.",VER,US92339V1008,49.4,9617052682,2085493.33333,211510000,315158000,6429757000,13781884000,578403000,0.04318,-5100000
101219,VERIZON COMMUNICATIONS INC,VZ,US92343V1044,59.87,247608239115,12330774.71429,1949000000,38214000000,225161000000,283108000000,17192000000,0.13594,-3779000000
344083,VERTEX PHARMACEUTICALS INC / MA,VRTX,US92532F1003,176,45238237968,1248855.38095,3951222000,1259220000,1963506000,7033471000,92856000,-0.29713,1373299000
378236,Viacom Inc.,VIA,US92556D1063,25.75,10387430572,5998996.71429,27574661,139283781,255100810,396981834,49346080,-0.0361,-1745325
1338976,VICI PROPERTIES INC.,VICI,US9256521090,22.34,10298841558,3675033.88095,1205335000,4344459000,4449623000,12522046000,3806000,0.06041,-1683000
107326,VISA INC.,V,US92826C8394,176.45,384270764415,6823668.71429,11177000000,10829000000,35254000000,70249000000,6629000000,0.28869,-2811000000
708868,Vistra Energy Corp.,VST,US92840M1027,26.66,13108188373,4522390.83333,964000000,3657000000,18616000000,26520000000,1800000000,0.13755,-343000000
83200,"VMWARE, INC.",VMW,US9285634021,153.79,63017144190,1830227.59524,2948000000,5858000000,15173000000,20372000000,675000000,-0.1205,4790000000
1205636,VODAFONE GROUP PUBLIC LTD CO,VOD,US92857W3088,19.68,54330576000,3576830.14286,14444524529,30868924945,112051626717,178030795891,11339872109,0.09112,-1731949839
858328,Vonovia,VNA.DE,DE000A1ML7J1,44.74,24187562500,1589343.7619,2143658866,4582082185,34794927472,57334696239,878545559,0.14434,-1770336314
378237,Vornado Realty Trust,VNO,US9290421091,63.33,12084217055,1311618.14286,922604000,7519750000,9555651000,17913857000,479903000,0.0991,-91269000
354109,"Voya Financial, Inc.",VOYA,US9290891004,54.33,7625751628,1389251.07143,2072900000,,212032600000,226643900000,,,-75000000
87466,"Walgreens Boots Alliance, Inc.",WBA,US9314271084,54.84,49103050610,4691468.09524,839000000,25061000000,43816000000,68587000000,1982000000,0.09007,-721000000
239962,Walmart Inc,WMT,US9311421039,38.84,331415981002,18430426.35714,9283000000,80283000000,157730000000,234861000000,10782000000,0.17459,-5094000000
120376,"Warner Bros. Discovery, Inc.",WBD,US9344231041,27.2,14623288018,3875378.47619,1321000000,3874000000,22180000000,33845000000,1487000000,0.14044,-120000000
378239,Waste Management Inc.,WM,US94106L1098,113.86,48303076129,1756712.69048,2250000000,2846000000,19519000000,25986000000,1521000000,0.12212,-457000000
417451,Wayfair Inc.,W,US94419L1017,134.1,12382471624,2177099,714453000,1333511000,2787457000,2182100000,152582000,-0.48797,-2958000
58953,WELLS FARGO & COMPANY/MN,WFC,US9497461015,48.76,214841778393,19940038.19048,20880000000,,1723351000000,1923388000000,5858000000,-0.03243,-4653000000
378241,Welltower Inc.,WELL,US95040Q1040,89.3,36188540669,1977779.45238,268666000,1076061000,16695891000,33148697000,977967000,-0.07436,-7066000
250582,WESTERN DIGITAL CORP,WDC,US9581021055,48.31,18918830147,6123650.33333,3455000000,3817000000,16403000000,26370000000,1812000000,0.06636,-467000000
745556,"Western Gas Equity Partners, LP",WES,US9586691035,26.54,12022620000,1391039.92857,95795000,499316000,8489321000,11980531000,416965000,-0.00295,-12532000
378242,Western Union Co,WU,US9598021098,22.86,9690148557,5375281.54762,1210200000,5766600000,9013100000,9043300000,261900000,0.3538,-254500000
749129,WESTINGHOUSE AIR BRAKE TECHNOLOGIES CORP,WAB,US9297401088,75.73,14248987995,2362509.30952,461371000,3211315000,9107436000,18942593000,221134000,0.05759,-99175000
57524,WEYERHAEUSER CO,WY,US9621661043,27.83,20731387957,3512016.38095,212000000,1223000000,8305000000,17029000000,494000000,0.03797,177000000
344928,WILLIAMS COMPANIES INC,WMB,US9694571004,25,30300559950,8857345.80952,806000000,3389000000,29428000000,46509000000,1700000000,0.03963,-198000000
198669,WILLIAMS SONOMA INC,WSM,US9699041011,33.59,5241532269,2704234.66667,120467000,1186879000,2748078000,3869681000,188743000,0.09839,-94584000
378244,Wisconsin Energy Corporation,WEC,US92939U1060,92.8,29272444096,2007890.83333,37900000,3362000000,23786000000,33934300000,886800000,0.00636,-110600000
641925,WORLD WRESTLING ENTERTAINMENTINC,WWE,US98156Q1085,75.91,5971101323,1220554.69048,296051000,374133000,417597000,742883000,31174000,-0.05535,2812000
378245,Wynn Resorts Ltd,WYNN,US9831341071,113.93,12260683361,2246729.57143,1501886000,1975348000,11314335000,13165274000,553195000,0.00383,376903000
378246,Xcel Energy Inc,XEL,US98389B1008,63.73,32821630828,3482376.16667,353000000,5060000000,36218000000,48584000000,1771000000,-0.00357,-116000000
378247,Xerox Corp.,XRX,US98421M1062,30.73,6800055261,2207124.71429,712000000,3176000000,9478000000,14684000000,476000000,0.12615,-221000000
396684,XILINX INC,XLNX,US9839191015,104.28,26341622600,3179509.5,2883137000,497110000,2355314000,4967898000,114890000,0.2521,-76793000
364942,"XPO Logistics, Inc.",XPO,US9837931008,25.56,6812569398,3260708.57143,497000000,3671000000,11402000000,14314000000,728700000,0.08678,-133000000
1205993,Yandex N.V.,YNDX,NL0009805522,37.68,12235714227,2005824.47619,1032013053,356069854,388186194,3625621252,193300175,0.04665,-137015853
98663,YUM BRANDS INC,YUM,US9884981013,112.8,34323431472,1491680.5,252000000,1186000000,12668000000,4674000000,120000000,0.72489,-310000000
10383302,"Yum China Holdings, Inc.",YUMC,US98850P1093,46.5,17577000000,1943873.11905,1580000000,1626000000,3646000000,6725000000,427000000,0.26162,-193000000
694556,"Zayo Group Holdings, Inc.",ZAYO,n/a,33.82,7990664150,3080839.02381,186100000,643500000,7993100000,9334600000,633400000,0.06564,-25300000
747270,"Zendesk, Inc.",ZEN,US98936J1016,76.68,8510237554,1940439.42857,427148000,907417000,1012020000,1438997000,35558000,-0.14234,6125000
647182,"ZILLOW GROUP, INC.",Z,US98954M2008,32.21,6654838237,3040192.57143,1439727000,604279000,1547814000,4825920000,88193000,-0.16526,25602000
378249,Zimmer Biomet Holdings,ZBH,US98956P1021,134.8,28506690187,1273600.66667,403100000,3677800000,12543500000,24205700000,1016100000,0.05578,-82000000
378250,Zions Bancorp,ZION,US9897011071,44.54,7881931842,2671475.2619,538000000,,62466000000,70068000000,194000000,0.01924,-252000000
378251,Zoetis,ZTS,US98978V1035,122.42,58462643260,2039744.40476,1780000000,1075000000,8575000000,10986000000,381000000,0.22642,-297000000
896477,"Zscaler, Inc.",ZS,US98980G1022,50.64,6454317453,3288392.7381,364646000,261949000,295604000,604162000,9882000,-0.07172,-1844000
418866,ZYNGA INC,ZNGA,US98986T1088,6.04,5687474754,19733595.90476,828608000,675199000,1461301000,3184252000,65897000,0.05754,8240000